"id";"sku";"quantity";"quantity_temp";"quantity_date";"brand_id";"dealer_id";"created_at";"updated_at"
"1";"6SF47LXHAA";"1";NULL;"2026-05-28";"5";"3";"2026-05-28 17:39:25.941640";"2026-05-28 17:39:25.586078"
"2";"68368487AA";"4";NULL;"2026-05-28";"5";"3";"2026-05-28 17:39:25.941640";"2026-05-28 17:39:25.586160"
"3";"68347206AA";"2";NULL;"2026-05-28";"5";"3";"2026-05-28 17:39:25.941640";"2026-05-28 17:39:25.586203"
"4";"68368663AA";"8";NULL;"2026-05-28";"5";"3";"2026-05-28 17:39:25.941640";"2026-05-28 17:39:25.586276"
"5";"68307158AA";"15";NULL;"2026-05-28";"5";"3";"2026-05-28 17:39:25.941640";"2026-05-28 17:39:25.586327"
"6";"68364163AA";"1";NULL;"2026-05-28";"5";"3";"2026-05-28 17:39:25.941640";"2026-05-28 17:39:25.586396"
"7";"68340368AA";"9";NULL;"2026-05-28";"5";"3";"2026-05-28 17:39:25.941640";"2026-05-28 17:39:25.586433"
"8";"68369455AA";"2";NULL;"2026-05-28";"5";"3";"2026-05-28 17:39:25.941640";"2026-05-28 17:39:25.586501"
"9";"68121914AA";"3";NULL;"2026-05-28";"5";"3";"2026-05-28 17:39:25.941640";"2026-05-28 17:39:25.586556"
"10";"68403746AA";"8";NULL;"2026-05-28";"5";"3";"2026-05-28 17:39:25.941640";"2026-05-28 17:39:25.586880"
"11";"68393954AA";"1";NULL;"2026-05-28";"5";"3";"2026-05-28 17:39:25.941640";"2026-05-28 17:39:25.586983"
"12";"7DX88TZZAA";"3";NULL;"2026-05-28";"5";"3";"2026-05-28 17:39:25.941640";"2026-05-28 17:39:25.587026"
"13";"68377701AA";"1";NULL;"2026-05-28";"5";"3";"2026-05-28 17:39:25.941640";"2026-05-28 17:39:25.587098"
"14";"68440727AA";"2";NULL;"2026-05-28";"5";"3";"2026-05-28 17:39:25.941640";"2026-05-28 17:39:25.587257"
"15";"68713584AA";"1";NULL;"2026-05-28";"5";"3";"2026-05-28 17:39:25.941640";"2026-05-28 17:39:25.587329"
"16";"68162201AA";"8";NULL;"2026-05-28";"5";"3";"2026-05-28 17:39:25.941640";"2026-05-28 17:39:25.587442"
"17";"68305499AA";"8";NULL;"2026-05-28";"5";"3";"2026-05-28 17:39:25.941640";"2026-05-28 17:39:25.587481"
"18";"68304418AA";"1";NULL;"2026-05-28";"5";"3";"2026-05-28 17:39:25.941640";"2026-05-28 17:39:25.587544"
"19";"68317164AA";"1";NULL;"2026-05-28";"5";"3";"2026-05-28 17:39:25.941640";"2026-05-28 17:39:25.587583"
"20";"68353705AA";"1";NULL;"2026-05-28";"5";"3";"2026-05-28 17:39:25.941640";"2026-05-28 17:39:25.587621"
"21";"6ZN74LXHAA";"1";NULL;"2026-05-28";"5";"3";"2026-05-28 17:39:25.941640";"2026-05-28 17:39:25.587718"
"22";"68364113AA";"9";NULL;"2026-05-28";"5";"3";"2026-05-28 17:39:25.941640";"2026-05-28 17:39:25.587830"
"23";"68443656AA";"1";NULL;"2026-05-28";"5";"3";"2026-05-28 17:39:25.941640";"2026-05-28 17:39:25.587895"
"24";"68623583AA";"1";NULL;"2026-05-28";"5";"3";"2026-05-28 17:39:25.941640";"2026-05-28 17:39:25.588021"
"25";"68618731AA";"4";NULL;"2026-05-28";"5";"3";"2026-05-28 17:39:25.941640";"2026-05-28 17:39:25.588112"
"26";"68593679AA";"1";NULL;"2026-05-28";"5";"3";"2026-05-28 17:39:25.941640";"2026-05-28 17:39:25.588154"
"27";"68421998AA";"1";NULL;"2026-05-28";"5";"3";"2026-05-28 17:39:25.941640";"2026-05-28 17:39:25.588248"
"28";"68606865AA";"1";NULL;"2026-05-28";"5";"3";"2026-05-28 17:39:25.941640";"2026-05-28 17:39:25.588342"
"29";"68639547AA";"1";NULL;"2026-05-28";"5";"3";"2026-05-28 17:39:25.941640";"2026-05-28 17:39:25.588379"
"30";"68493999AA";"1";NULL;"2026-05-28";"5";"3";"2026-05-28 17:39:25.941640";"2026-05-28 17:39:25.588763"
"31";"6LD44U5LAA";"1";NULL;"2026-05-28";"5";"3";"2026-05-28 17:39:25.941640";"2026-05-28 17:39:25.588806"
"32";"68163848AB";"3";NULL;"2026-05-28";"5";"3";"2026-05-28 17:39:25.941640";"2026-05-28 17:39:25.588872"
"33";"68301213AA";"1";NULL;"2026-05-28";"5";"3";"2026-05-28 17:39:25.941640";"2026-05-28 17:39:25.588944"
"34";"6ZC00LXHAA";"1";NULL;"2026-05-28";"5";"3";"2026-05-28 17:39:25.941640";"2026-05-28 17:39:25.588982"
"35";"68366112AA";"1";NULL;"2026-05-28";"5";"3";"2026-05-28 17:39:25.941640";"2026-05-28 17:39:25.589078"
"36";"7DU09U00AA";"1";NULL;"2026-05-28";"5";"3";"2026-05-28 17:39:25.941640";"2026-05-28 17:39:25.589363"
"37";"68401836AA";"1";NULL;"2026-05-28";"5";"3";"2026-05-28 17:39:25.941640";"2026-05-28 17:39:25.589423"
"38";"68394470AA";"1";NULL;"2026-05-28";"5";"3";"2026-05-28 17:39:25.941640";"2026-05-28 17:39:25.589463"
"39";"68507600AA";"1";NULL;"2026-05-28";"5";"3";"2026-05-28 17:39:25.941640";"2026-05-28 17:39:25.589507"
"40";"68301540AA";"2";NULL;"2026-05-28";"5";"3";"2026-05-28 17:39:25.941640";"2026-05-28 17:39:25.589573"
"41";"68374710AA";"4";NULL;"2026-05-28";"5";"3";"2026-05-28 17:39:25.941640";"2026-05-28 17:39:25.589644"
"42";"68438905AA";"2";NULL;"2026-05-28";"5";"3";"2026-05-28 17:39:25.941640";"2026-05-28 17:39:25.589727"
"43";"68353605AA";"22";NULL;"2026-05-28";"5";"3";"2026-05-28 17:39:25.941640";"2026-05-28 17:39:25.589792"
"44";"68348929AA";"9";NULL;"2026-05-28";"5";"3";"2026-05-28 17:39:25.941640";"2026-05-28 17:39:25.589918"
"45";"68315166AA";"3";NULL;"2026-05-28";"5";"3";"2026-05-28 17:39:25.941640";"2026-05-28 17:39:25.589992"
"46";"68394445AA";"4";NULL;"2026-05-28";"5";"3";"2026-05-28 17:39:25.941640";"2026-05-28 17:39:25.590059"
"47";"68356823AA";"1";NULL;"2026-05-28";"5";"3";"2026-05-28 17:39:25.941640";"2026-05-28 17:39:25.590118"
"48";"68334285AA";"1";NULL;"2026-05-28";"5";"3";"2026-05-28 17:39:25.941640";"2026-05-28 17:39:25.590158"
"49";"6MY64UDMAA";"5";NULL;"2026-05-28";"5";"3";"2026-05-28 17:39:25.941640";"2026-05-28 17:39:25.590196"
"50";"82214871AA";"26";NULL;"2026-05-28";"5";"3";"2026-05-28 17:39:25.941640";"2026-05-28 17:39:25.590234"
"51";"68379072AB";"3";NULL;"2026-05-28";"5";"3";"2026-05-28 17:39:25.941640";"2026-05-28 17:39:25.590273"
"52";"68315141AA";"8";NULL;"2026-05-28";"5";"3";"2026-05-28 17:39:25.941640";"2026-05-28 17:39:25.590309"
"53";"68300145AA";"5";NULL;"2026-05-28";"5";"3";"2026-05-28 17:39:25.941640";"2026-05-28 17:39:25.590389"
"54";"68334084AA";"1";NULL;"2026-05-28";"5";"3";"2026-05-28 17:39:25.941640";"2026-05-28 17:39:25.590427"
"55";"68439760AA";"3";NULL;"2026-05-28";"5";"3";"2026-05-28 17:39:25.941640";"2026-05-28 17:39:25.590494"
"56";"68462474AA";"16";NULL;"2026-05-28";"5";"3";"2026-05-28 17:39:25.941640";"2026-05-28 17:39:25.590531"
"57";"68082860AB";"4";NULL;"2026-05-28";"5";"3";"2026-05-28 17:39:25.941640";"2026-05-28 17:39:25.590568"
"58";"68356974AA";"1";NULL;"2026-05-28";"5";"3";"2026-05-28 17:39:25.941640";"2026-05-28 17:39:25.590625"
"59";"5SR17JXWAA";"6";NULL;"2026-05-28";"5";"3";"2026-05-28 17:39:25.941640";"2026-05-28 17:39:25.590688"
"60";"68378607AA";"1";NULL;"2026-05-28";"5";"3";"2026-05-28 17:39:25.941640";"2026-05-28 17:39:25.590824"
"61";"6MT52LXHAA";"5";NULL;"2026-05-28";"5";"3";"2026-05-28 17:39:25.941640";"2026-05-28 17:39:25.590912"
"62";"68377702AA";"1";NULL;"2026-05-28";"5";"3";"2026-05-28 17:39:25.941640";"2026-05-28 17:39:25.591108"
"63";"68391881AA";"54";NULL;"2026-05-28";"5";"3";"2026-05-28 17:39:25.941640";"2026-05-28 17:39:25.591176"
"64";"68379487AA";"2";NULL;"2026-05-28";"5";"3";"2026-05-28 17:39:25.941640";"2026-05-28 17:39:25.591212"
"65";"82216631AA";"1";NULL;"2026-05-28";"5";"3";"2026-05-28 17:39:25.941640";"2026-05-28 17:39:25.591255"
"66";"68300736AA";"10";NULL;"2026-05-28";"5";"3";"2026-05-28 17:39:25.941640";"2026-05-28 17:39:25.591470"
"67";"68428950AA";"1";NULL;"2026-05-28";"5";"3";"2026-05-28 17:39:25.941640";"2026-05-28 17:39:25.591515"
"68";"68353706AA";"1";NULL;"2026-05-28";"5";"3";"2026-05-28 17:39:25.941640";"2026-05-28 17:39:25.591627"
"69";"68173138AA";"9";NULL;"2026-05-28";"5";"3";"2026-05-28 17:39:25.941640";"2026-05-28 17:39:25.591698"
"70";"6UQ87LXHAA";"2";NULL;"2026-05-28";"5";"3";"2026-05-28 17:39:25.941640";"2026-05-28 17:39:25.591763"
"71";"7RW29LXHAA";"2";NULL;"2026-05-28";"5";"3";"2026-05-28 17:39:25.941640";"2026-05-28 17:39:25.591799"
"72";"68357012AA";"1";NULL;"2026-05-28";"5";"3";"2026-05-28 17:39:25.941640";"2026-05-28 17:39:25.591838"
"73";"68406123AA";"8";NULL;"2026-05-28";"5";"3";"2026-05-28 17:39:25.941640";"2026-05-28 17:39:25.591872"
"74";"68528492AA";"1";NULL;"2026-05-28";"5";"3";"2026-05-28 17:39:25.941640";"2026-05-28 17:39:25.592000"
"75";"68301151AA";"1";NULL;"2026-05-28";"5";"3";"2026-05-28 17:39:25.941640";"2026-05-28 17:39:25.592163"
"76";"68239998AA";"4";NULL;"2026-05-28";"5";"3";"2026-05-28 17:39:25.941640";"2026-05-28 17:39:25.592235"
"77";"BBH9A001AA";"6";NULL;"2026-05-28";"5";"3";"2026-05-28 17:39:25.941640";"2026-05-28 17:39:25.592272"
"78";"68113657AA";"2";NULL;"2026-05-28";"5";"3";"2026-05-28 17:39:25.941640";"2026-05-28 17:39:25.592352"
"79";"68616545AA";"1";NULL;"2026-05-28";"5";"3";"2026-05-28 17:39:25.941640";"2026-05-28 17:39:25.592463"
"80";"68348892AA";"1";NULL;"2026-05-28";"5";"3";"2026-05-28 17:39:25.941640";"2026-05-28 17:39:25.592518"
"81";"68663318AA";"1";NULL;"2026-05-28";"5";"3";"2026-05-28 17:39:25.941640";"2026-05-28 17:39:25.592559"
"82";"68346001AA";"3";NULL;"2026-05-28";"5";"3";"2026-05-28 17:39:25.941640";"2026-05-28 17:39:25.592840"
"83";"68366113AA";"1";NULL;"2026-05-28";"5";"3";"2026-05-28 17:39:25.941640";"2026-05-28 17:39:25.592948"
"84";"7EE30LXHAA";"1";NULL;"2026-05-28";"5";"3";"2026-05-28 17:39:25.941640";"2026-05-28 17:39:25.593078"
"85";"68322734AA";"4";NULL;"2026-05-28";"5";"3";"2026-05-28 17:39:25.941640";"2026-05-28 17:39:25.593169"
"86";"68369507AA";"3";NULL;"2026-05-28";"5";"3";"2026-05-28 17:39:25.941640";"2026-05-28 17:39:25.593248"
"87";"68357113AA";"3";NULL;"2026-05-28";"5";"3";"2026-05-28 17:39:25.941640";"2026-05-28 17:39:25.593334"
"88";"68367169AA";"1";NULL;"2026-05-28";"5";"3";"2026-05-28 17:39:25.941640";"2026-05-28 17:39:25.593401"
"89";"6TC18UDMAA";"1";NULL;"2026-05-28";"5";"3";"2026-05-28 17:39:25.941640";"2026-05-28 17:39:25.593589"
"90";"68335191AA";"1";NULL;"2026-05-28";"5";"3";"2026-05-28 17:39:25.941640";"2026-05-28 17:39:25.593747"
"91";"BBH5E001AA";"13";NULL;"2026-05-28";"5";"3";"2026-05-28 17:39:25.941640";"2026-05-28 17:39:25.593944"
"92";"68300963AA";"1";NULL;"2026-05-28";"5";"3";"2026-05-28 17:39:25.941640";"2026-05-28 17:39:25.594012"
"93";"68300146AA";"2";NULL;"2026-05-28";"5";"3";"2026-05-28 17:39:25.941640";"2026-05-28 17:39:25.594263"
"94";"68360570AA";"2";NULL;"2026-05-28";"5";"3";"2026-05-28 17:39:25.941640";"2026-05-28 17:39:25.594303"
"95";"68439761AA";"6";NULL;"2026-05-28";"5";"3";"2026-05-28 17:39:25.941640";"2026-05-28 17:39:25.594339"
"96";"7QC23U00AA";"1";NULL;"2026-05-28";"5";"3";"2026-05-28 17:39:25.941640";"2026-05-28 17:39:25.594376"
"97";"68301026AA";"1";NULL;"2026-05-28";"5";"3";"2026-05-28 17:39:25.941640";"2026-05-28 17:39:25.594562"
"98";"68493347AA";"1";NULL;"2026-05-28";"5";"3";"2026-05-28 17:39:25.941640";"2026-05-28 17:39:25.594600"
"99";"68313772AA";"1";NULL;"2026-05-28";"5";"3";"2026-05-28 17:39:25.941640";"2026-05-28 17:39:25.594689"
"100";"68365397AA";"1";NULL;"2026-05-28";"5";"3";"2026-05-28 17:39:25.941640";"2026-05-28 17:39:25.594780"
"101";"68163460AA";"15";NULL;"2026-05-28";"5";"3";"2026-05-28 17:39:25.941640";"2026-05-28 17:39:25.595111"
"102";"68367270AA";"21";NULL;"2026-05-28";"5";"3";"2026-05-28 17:39:25.941640";"2026-05-28 17:39:25.595153"
"103";"68098272AA";"11";NULL;"2026-05-28";"5";"3";"2026-05-28 17:39:25.941640";"2026-05-28 17:39:25.595190"
"104";"7TB57LXHAA";"1";NULL;"2026-05-28";"5";"3";"2026-05-28 17:39:25.941640";"2026-05-28 17:39:25.595316"
"105";"68330616AA";"2";NULL;"2026-05-28";"5";"3";"2026-05-28 17:39:25.941640";"2026-05-28 17:39:25.595434"
"106";"68428750AA";"3";NULL;"2026-05-28";"5";"3";"2026-05-28 17:39:25.941640";"2026-05-28 17:39:25.595470"
"107";"2142125000";"3";NULL;"2026-05-28";"5";"3";"2026-05-28 17:39:25.941640";"2026-05-28 17:39:25.595619"
"108";"68444626AA";"1";NULL;"2026-05-28";"5";"3";"2026-05-28 17:39:25.941640";"2026-05-28 17:39:25.595655"
"109";"68333281AA";"10";NULL;"2026-05-28";"5";"3";"2026-05-28 17:39:25.941640";"2026-05-28 17:39:25.595717"
"110";"68402504AA";"1";NULL;"2026-05-28";"5";"3";"2026-05-28 17:39:25.941640";"2026-05-28 17:39:25.595825"
"111";"7MU07TZZAA";"1";NULL;"2026-05-28";"5";"3";"2026-05-28 17:39:25.941640";"2026-05-28 17:39:25.595861"
"112";"TPR2744400";"5";NULL;"2026-05-28";"5";"3";"2026-05-28 17:39:25.941640";"2026-05-28 17:39:25.595928"
"113";"7DM63TZZAA";"2";NULL;"2026-05-28";"5";"3";"2026-05-28 17:39:25.941640";"2026-05-28 17:39:25.595967"
"114";"68401687AA";"37";NULL;"2026-05-28";"5";"3";"2026-05-28 17:39:25.941640";"2026-05-28 17:39:25.596007"
"115";"6EM53TZZAA";"1";NULL;"2026-05-28";"5";"3";"2026-05-28 17:39:25.941640";"2026-05-28 17:39:25.596043"
"116";"68095243AA";"4";NULL;"2026-05-28";"5";"3";"2026-05-28 17:39:25.941640";"2026-05-28 17:39:25.596080"
"117";"68301479AA";"2";NULL;"2026-05-28";"5";"3";"2026-05-28 17:39:25.941640";"2026-05-28 17:39:25.596170"
"118";"68394497AA";"1";NULL;"2026-05-28";"5";"3";"2026-05-28 17:39:25.941640";"2026-05-28 17:39:25.596209"
"119";"68503944AA";"1";NULL;"2026-05-28";"5";"3";"2026-05-28 17:39:25.941640";"2026-05-28 17:39:25.596300"
"120";"68678843AA";"5";NULL;"2026-05-28";"5";"3";"2026-05-28 17:39:25.941640";"2026-05-28 17:39:25.596367"
"121";"68366114AA";"1";NULL;"2026-05-28";"5";"3";"2026-05-28 17:39:25.941640";"2026-05-28 17:39:25.596402"
"122";"6MP20TZZAA";"1";NULL;"2026-05-28";"5";"3";"2026-05-28 17:39:25.941640";"2026-05-28 17:39:25.596496"
"123";"68719595AA";"1";NULL;"2026-05-28";"5";"3";"2026-05-28 17:39:25.941640";"2026-05-28 17:39:25.596567"
"124";"68353896AA";"1";NULL;"2026-05-28";"5";"3";"2026-05-28 17:39:25.941640";"2026-05-28 17:39:25.596670"
"125";"68317531AA";"2";NULL;"2026-05-28";"5";"3";"2026-05-28 17:39:25.941640";"2026-05-28 17:39:25.596707"
"126";"68592173AA";"1";NULL;"2026-05-28";"5";"3";"2026-05-28 17:39:25.941640";"2026-05-28 17:39:25.596824"
"127";"6CW93LXHAA";"9";NULL;"2026-05-28";"5";"3";"2026-05-28 17:39:25.941640";"2026-05-28 17:39:25.596860"
"128";"68366089AA";"2";NULL;"2026-05-28";"5";"3";"2026-05-28 17:39:25.941640";"2026-05-28 17:39:25.596895"
"129";"68349836AA";"1";NULL;"2026-05-28";"5";"3";"2026-05-28 17:39:25.941640";"2026-05-28 17:39:25.596939"
"130";"68625383AA";"1";NULL;"2026-05-28";"5";"3";"2026-05-28 17:39:25.941640";"2026-05-28 17:39:25.597004"
"131";"68057307AA";"1";NULL;"2026-05-28";"5";"3";"2026-05-28 17:39:25.941640";"2026-05-28 17:39:25.597044"
"132";"68286169AA";"13";NULL;"2026-05-28";"5";"3";"2026-05-28 17:39:25.941640";"2026-05-28 17:39:25.597108"
"133";"6EQ48TZZAA";"3";NULL;"2026-05-28";"5";"3";"2026-05-28 17:39:25.941640";"2026-05-28 17:39:25.597241"
"134";"68356825AA";"1";NULL;"2026-05-28";"5";"3";"2026-05-28 17:39:25.941640";"2026-05-28 17:39:25.597303"
"135";"68677536AA";"1";NULL;"2026-05-28";"5";"3";"2026-05-28 17:39:25.941640";"2026-05-28 17:39:25.597366"
"136";"68150388AA";"14";NULL;"2026-05-28";"5";"3";"2026-05-28 17:39:25.941640";"2026-05-28 17:39:25.597604"
"137";"68413365AA";"10";NULL;"2026-05-28";"5";"3";"2026-05-28 17:39:25.941640";"2026-05-28 17:39:25.597733"
"138";"68356888AA";"1";NULL;"2026-05-28";"5";"3";"2026-05-28 17:39:25.941640";"2026-05-28 17:39:25.597769"
"139";"68356976AA";"1";NULL;"2026-05-28";"5";"3";"2026-05-28 17:39:25.941640";"2026-05-28 17:39:25.597805"
"140";"68519305AA";"4";NULL;"2026-05-28";"5";"3";"2026-05-28 17:39:25.941640";"2026-05-28 17:39:25.597840"
"141";"68395038AA";"4";NULL;"2026-05-28";"5";"3";"2026-05-28 17:39:25.941640";"2026-05-28 17:39:25.597905"
"142";"68303453AA";"11";NULL;"2026-05-28";"5";"3";"2026-05-28 17:39:25.941640";"2026-05-28 17:39:25.597940"
"143";"68317368AA";"1";NULL;"2026-05-28";"5";"3";"2026-05-28 17:39:25.941640";"2026-05-28 17:39:25.597977"
"144";"6FM58MX5AA";"1";NULL;"2026-05-28";"5";"3";"2026-05-28 17:39:25.941640";"2026-05-28 17:39:25.598020"
"145";"68365398AA";"1";NULL;"2026-05-28";"5";"3";"2026-05-28 17:39:25.941640";"2026-05-28 17:39:25.598118"
"146";"7GD49U3SAA";"1";NULL;"2026-05-28";"5";"3";"2026-05-28 17:39:25.941640";"2026-05-28 17:39:25.598156"
"147";"68628199AA";"8";NULL;"2026-05-28";"5";"3";"2026-05-28 17:39:25.941640";"2026-05-28 17:39:25.598192"
"148";"68631329AA";"1";NULL;"2026-05-28";"5";"3";"2026-05-28 17:39:25.941640";"2026-05-28 17:39:25.598405"
"149";"68232948AB";"8";NULL;"2026-05-28";"5";"3";"2026-05-28 17:39:25.941640";"2026-05-28 17:39:25.598446"
"150";"68361426AA";"7";NULL;"2026-05-28";"5";"3";"2026-05-28 17:39:25.941640";"2026-05-28 17:39:25.598511"
"151";"68673162AA";"1";NULL;"2026-05-28";"5";"3";"2026-05-28 17:39:25.941640";"2026-05-28 17:39:25.598551"
"152";"68237775AA";"1";NULL;"2026-05-28";"5";"3";"2026-05-28 17:39:25.941640";"2026-05-28 17:39:25.598619"
"153";"68511160AA";"1";NULL;"2026-05-28";"5";"3";"2026-05-28 17:39:25.941640";"2026-05-28 17:39:25.598718"
"154";"68356813AA";"3";NULL;"2026-05-28";"5";"3";"2026-05-28 17:39:25.941640";"2026-05-28 17:39:25.598780"
"155";"68461144AA";"1";NULL;"2026-05-28";"5";"3";"2026-05-28 17:39:25.941640";"2026-05-28 17:39:25.598815"
"156";"68383562AA";"1";NULL;"2026-05-28";"5";"3";"2026-05-28 17:39:25.941640";"2026-05-28 17:39:25.598903"
"157";"68368742AA";"2";NULL;"2026-05-28";"5";"3";"2026-05-28 17:39:25.941640";"2026-05-28 17:39:25.599013"
"158";"68632888AA";"1";NULL;"2026-05-28";"5";"3";"2026-05-28 17:39:25.941640";"2026-05-28 17:39:25.599049"
"159";"68348894AA";"4";NULL;"2026-05-28";"5";"3";"2026-05-28 17:39:25.941640";"2026-05-28 17:39:25.599112"
"160";"68339190AA";"8";NULL;"2026-05-28";"5";"3";"2026-05-28 17:39:25.941640";"2026-05-28 17:39:25.599150"
"161";"68369534AA";"3";NULL;"2026-05-28";"5";"3";"2026-05-28 17:39:25.941640";"2026-05-28 17:39:25.599221"
"162";"6RK57LXHAA";"1";NULL;"2026-05-28";"5";"3";"2026-05-28 17:39:25.941640";"2026-05-28 17:39:25.599261"
"163";"68366115AA";"1";NULL;"2026-05-28";"5";"3";"2026-05-28 17:39:25.941640";"2026-05-28 17:39:25.599295"
"164";"6CP97LXHAA";"19";NULL;"2026-05-28";"5";"3";"2026-05-28 17:39:25.941640";"2026-05-28 17:39:25.599333"
"165";"68360270AA";"2";NULL;"2026-05-28";"5";"3";"2026-05-28 17:39:25.941640";"2026-05-28 17:39:25.599455"
"166";"68356851AA";"4";NULL;"2026-05-28";"5";"3";"2026-05-28 17:39:25.941640";"2026-05-28 17:39:25.599546"
"167";"68121968AA";"19";NULL;"2026-05-28";"5";"3";"2026-05-28 17:39:25.941640";"2026-05-28 17:39:25.599583"
"168";"68506962AA";"1";NULL;"2026-05-28";"5";"3";"2026-05-28 17:39:25.941640";"2026-05-28 17:39:25.599649"
"169";"7RW51LXHAA";"1";NULL;"2026-05-28";"5";"3";"2026-05-28 17:39:25.941640";"2026-05-28 17:39:25.599685"
"170";"68625384AA";"2";NULL;"2026-05-28";"5";"3";"2026-05-28 17:39:25.941640";"2026-05-28 17:39:25.599720"
"171";"68469692AA";"10";NULL;"2026-05-28";"5";"3";"2026-05-28 17:39:25.941640";"2026-05-28 17:39:25.599757"
"172";"68584343AA";"11";NULL;"2026-05-28";"5";"3";"2026-05-28 17:39:25.941640";"2026-05-28 17:39:25.599852"
"173";"68380973AA";"1";NULL;"2026-05-28";"5";"3";"2026-05-28 17:39:25.941640";"2026-05-28 17:39:25.599945"
"174";"68317218AA";"1";NULL;"2026-05-28";"5";"3";"2026-05-28 17:39:25.941640";"2026-05-28 17:39:25.599981"
"175";"68346393AA";"5";NULL;"2026-05-28";"5";"3";"2026-05-28 17:39:25.941640";"2026-05-28 17:39:25.600018"
"176";"68365424AA";"2";NULL;"2026-05-28";"5";"3";"2026-05-28 17:39:25.941640";"2026-05-28 17:39:25.600121"
"177";"68501180AA";"8";NULL;"2026-05-28";"5";"3";"2026-05-28 17:39:25.941640";"2026-05-28 17:39:25.600157"
"178";"68439763AA";"1";NULL;"2026-05-28";"5";"3";"2026-05-28 17:39:25.941640";"2026-05-28 17:39:25.600193"
"179";"68380772AA";"1";NULL;"2026-05-28";"5";"3";"2026-05-28 17:39:25.941640";"2026-05-28 17:39:25.600227"
"180";"68251477AA";"1";NULL;"2026-05-28";"5";"3";"2026-05-28 17:39:25.941640";"2026-05-28 17:39:25.600263"
"181";"68657576AA";"1";NULL;"2026-05-28";"5";"3";"2026-05-28 17:39:25.941640";"2026-05-28 17:39:25.600298"
"182";"68303454AA";"5";NULL;"2026-05-28";"5";"3";"2026-05-28 17:39:25.941640";"2026-05-28 17:39:25.600337"
"183";"68525943AA";"8";NULL;"2026-05-28";"5";"3";"2026-05-28 17:39:25.941640";"2026-05-28 17:39:25.600373"
"184";"68533485AA";"1";NULL;"2026-05-28";"5";"3";"2026-05-28 17:39:25.941640";"2026-05-28 17:39:25.600413"
"185";"68301028AA";"3";NULL;"2026-05-28";"5";"3";"2026-05-28 17:39:25.941640";"2026-05-28 17:39:25.600448"
"186";"68348882AA";"3";NULL;"2026-05-28";"5";"3";"2026-05-28 17:39:25.941640";"2026-05-28 17:39:25.600541"
"187";"68369522AA";"2";NULL;"2026-05-28";"5";"3";"2026-05-28 17:39:25.941640";"2026-05-28 17:39:25.600633"
"188";"68631066AA";"1";NULL;"2026-05-28";"5";"3";"2026-05-28 17:39:25.941640";"2026-05-28 17:39:25.600722"
"189";"BBH9E001AA";"1";NULL;"2026-05-28";"5";"3";"2026-05-28 17:39:25.941640";"2026-05-28 17:39:25.600756"
"190";"68113974AA";"6";NULL;"2026-05-28";"5";"3";"2026-05-28 17:39:25.941640";"2026-05-28 17:39:25.600855"
"191";"68315094AA";"2";NULL;"2026-05-28";"5";"3";"2026-05-28 17:39:25.941640";"2026-05-28 17:39:25.600889"
"192";"68635893AA";"1";NULL;"2026-05-28";"5";"3";"2026-05-28 17:39:25.941640";"2026-05-28 17:39:25.601022"
"193";"68379641AA";"1";NULL;"2026-05-28";"5";"3";"2026-05-28 17:39:25.941640";"2026-05-28 17:39:25.601113"
"194";"7DX85TZZAA";"2";NULL;"2026-05-28";"5";"3";"2026-05-28 17:39:25.941640";"2026-05-28 17:39:25.601191"
"195";"68124558AA";"4";NULL;"2026-05-28";"5";"3";"2026-05-28 17:39:25.941640";"2026-05-28 17:39:25.601276"
"196";"68617654AA";"1";NULL;"2026-05-28";"5";"3";"2026-05-28 17:39:25.941640";"2026-05-28 17:39:25.601434"
"197";"68523555AA";"1";NULL;"2026-05-28";"5";"3";"2026-05-28 17:39:25.941640";"2026-05-28 17:39:25.601472"
"198";"68504235AA";"1";NULL;"2026-05-28";"5";"3";"2026-05-28 17:39:25.941640";"2026-05-28 17:39:25.601727"
"199";"7EA09TZZAA";"1";NULL;"2026-05-28";"5";"3";"2026-05-28 17:39:25.941640";"2026-05-28 17:39:25.601764"
"200";"68301041AA";"7";NULL;"2026-05-28";"5";"3";"2026-05-28 17:39:25.941640";"2026-05-28 17:39:25.601831"
"201";"68651744AA";"2";NULL;"2026-05-28";"5";"3";"2026-05-28 17:39:25.941640";"2026-05-28 17:39:25.601867"
"202";"68317558AA";"8";NULL;"2026-05-28";"5";"3";"2026-05-28 17:39:25.941640";"2026-05-28 17:39:25.601947"
"203";"68339191AA";"9";NULL;"2026-05-28";"5";"3";"2026-05-28 17:39:25.941640";"2026-05-28 17:39:25.602040"
"204";"68619502AA";"1";NULL;"2026-05-28";"5";"3";"2026-05-28 17:39:25.941640";"2026-05-28 17:39:25.602076"
"205";"68466412AA";"1";NULL;"2026-05-28";"5";"3";"2026-05-28 17:39:25.941640";"2026-05-28 17:39:25.602141"
"206";"68469014AA";"1";NULL;"2026-05-28";"5";"3";"2026-05-28 17:39:25.941640";"2026-05-28 17:39:25.602175"
"207";"68597492AA";"46";NULL;"2026-05-28";"5";"3";"2026-05-28 17:39:25.941640";"2026-05-28 17:39:25.602210"
"208";"68511111AA";"1";NULL;"2026-05-28";"5";"3";"2026-05-28 17:39:25.941640";"2026-05-28 17:39:25.602248"
"209";"68330191AA";"1";NULL;"2026-05-28";"5";"3";"2026-05-28 17:39:25.941640";"2026-05-28 17:39:25.602312"
"210";"68122874AA";"6";NULL;"2026-05-28";"5";"3";"2026-05-28 17:39:25.941640";"2026-05-28 17:39:25.602348"
"211";"68361792AA";"1";NULL;"2026-05-28";"5";"3";"2026-05-28 17:39:25.941640";"2026-05-28 17:39:25.602385"
"212";"68471591AA";"1";NULL;"2026-05-28";"5";"3";"2026-05-28 17:39:25.941640";"2026-05-28 17:39:25.602637"
"213";"6NU37TZZAA";"1";NULL;"2026-05-28";"5";"3";"2026-05-28 17:39:25.941640";"2026-05-28 17:39:25.602674"
"214";"68300991AA";"2";NULL;"2026-05-28";"5";"3";"2026-05-28 17:39:25.941640";"2026-05-28 17:39:25.602924"
"215";"68415554AA";"1";NULL;"2026-05-28";"5";"3";"2026-05-28 17:39:25.941640";"2026-05-28 17:39:25.602980"
"216";"68171066PB";"29";NULL;"2026-05-28";"5";"3";"2026-05-28 17:39:25.941640";"2026-05-28 17:39:25.603018"
"217";"68394449AA";"1";NULL;"2026-05-28";"5";"3";"2026-05-28 17:39:25.941640";"2026-05-28 17:39:25.603055"
"218";"68584344AA";"1";NULL;"2026-05-28";"5";"3";"2026-05-28 17:39:25.941640";"2026-05-28 17:39:25.603116"
"219";"68189734AA";"10";NULL;"2026-05-28";"5";"3";"2026-05-28 17:39:25.941640";"2026-05-28 17:39:25.603152"
"220";"68369485AA";"1";NULL;"2026-05-28";"5";"3";"2026-05-28 17:39:25.941640";"2026-05-28 17:39:25.603191"
"221";"68357091AA";"1";NULL;"2026-05-28";"5";"3";"2026-05-28 17:39:25.941640";"2026-05-28 17:39:25.603227"
"222";"7MT28TZZAA";"1";NULL;"2026-05-28";"5";"3";"2026-05-28 17:39:25.941640";"2026-05-28 17:39:25.603351"
"223";"68151471AA";"9";NULL;"2026-05-28";"5";"3";"2026-05-28 17:39:25.941640";"2026-05-28 17:39:25.603390"
"224";"68361390AA";"1";NULL;"2026-05-28";"5";"3";"2026-05-28 17:39:25.941640";"2026-05-28 17:39:25.603425"
"225";"68644215AA";"8";NULL;"2026-05-28";"5";"3";"2026-05-28 17:39:25.941640";"2026-05-28 17:39:25.603462"
"226";"6MX69UDMAA";"3";NULL;"2026-05-28";"5";"3";"2026-05-28 17:39:25.941640";"2026-05-28 17:39:25.603580"
"227";"68360573AA";"1";NULL;"2026-05-28";"5";"3";"2026-05-28 17:39:25.941640";"2026-05-28 17:39:25.603719"
"228";"7HN71LXHAA";"1";NULL;"2026-05-28";"5";"3";"2026-05-28 17:39:25.941640";"2026-05-28 17:39:25.603759"
"229";"68380773AA";"1";NULL;"2026-05-28";"5";"3";"2026-05-28 17:39:25.941640";"2026-05-28 17:39:25.603794"
"230";"7DT93UDMAA";"1";NULL;"2026-05-28";"5";"3";"2026-05-28 17:39:25.941640";"2026-05-28 17:39:25.603857"
"231";"68300853AA";"1";NULL;"2026-05-28";"5";"3";"2026-05-28 17:39:25.941640";"2026-05-28 17:39:25.603923"
"232";"6JV38TZZAA";"1";NULL;"2026-05-28";"5";"3";"2026-05-28 17:39:25.941640";"2026-05-28 17:39:25.603963"
"233";"68316113AA";"19";NULL;"2026-05-28";"5";"3";"2026-05-28 17:39:25.941640";"2026-05-28 17:39:25.603999"
"234";"7RW33UDMAA";"1";NULL;"2026-05-28";"5";"3";"2026-05-28 17:39:25.941640";"2026-05-28 17:39:25.604127"
"235";"68607272AA";"1";NULL;"2026-05-28";"5";"3";"2026-05-28 17:39:25.941640";"2026-05-28 17:39:25.604165"
"236";"68364935AA";"18";NULL;"2026-05-28";"5";"3";"2026-05-28 17:39:25.941640";"2026-05-28 17:39:25.604201"
"237";"68499522AA";"2";NULL;"2026-05-28";"5";"3";"2026-05-28 17:39:25.941640";"2026-05-28 17:39:25.604238"
"238";"68301180AA";"8";NULL;"2026-05-28";"5";"3";"2026-05-28 17:39:25.941640";"2026-05-28 17:39:25.604301"
"239";"68275047AA";"9";NULL;"2026-05-28";"5";"3";"2026-05-28 17:39:25.941640";"2026-05-28 17:39:25.604340"
"240";"TBR0009355";"4";NULL;"2026-05-28";"5";"3";"2026-05-28 17:39:25.941640";"2026-05-28 17:39:25.604376"
"241";"68635894AA";"1";NULL;"2026-05-28";"5";"3";"2026-05-28 17:39:25.941640";"2026-05-28 17:39:25.604438"
"242";"68392124AA";"1";NULL;"2026-05-28";"5";"3";"2026-05-28 17:39:25.941640";"2026-05-28 17:39:25.604476"
"243";"68528496AA";"1";NULL;"2026-05-28";"5";"3";"2026-05-28 17:39:25.941640";"2026-05-28 17:39:25.604661"
"244";"68301067AA";"1";NULL;"2026-05-28";"5";"3";"2026-05-28 17:39:25.941640";"2026-05-28 17:39:25.604696"
"245";"68095007AA";"22";NULL;"2026-05-28";"5";"3";"2026-05-28 17:39:25.941640";"2026-05-28 17:39:25.604732"
"246";"68391659AA";"1";NULL;"2026-05-28";"5";"3";"2026-05-28 17:39:25.941640";"2026-05-28 17:39:25.604769"
"247";"6UQ93LXHAA";"4";NULL;"2026-05-28";"5";"3";"2026-05-28 17:39:25.941640";"2026-05-28 17:39:25.604806"
"248";"68339305AA";"6";NULL;"2026-05-28";"5";"3";"2026-05-28 17:39:25.941640";"2026-05-28 17:39:25.604841"
"249";"1BP01359AA";"2";NULL;"2026-05-28";"5";"3";"2026-05-28 17:39:25.941640";"2026-05-28 17:39:25.604878"
"250";"7SP18UDMAA";"1";NULL;"2026-05-28";"5";"3";"2026-05-28 17:39:25.941640";"2026-05-28 17:39:25.605002"
"251";"7LA31UDMAA";"1";NULL;"2026-05-28";"5";"3";"2026-05-28 17:39:25.941640";"2026-05-28 17:39:25.605039"
"252";"68465885AA";"1";NULL;"2026-05-28";"5";"3";"2026-05-28 17:39:25.941640";"2026-05-28 17:39:25.605102"
"253";"68351762AA";"86";NULL;"2026-05-28";"5";"3";"2026-05-28 17:39:25.941640";"2026-05-28 17:39:25.605262"
"254";"68619503AA";"3";NULL;"2026-05-28";"5";"3";"2026-05-28 17:39:25.941640";"2026-05-28 17:39:25.605297"
"255";"68300753AA";"1";NULL;"2026-05-28";"5";"3";"2026-05-28 17:39:25.941640";"2026-05-28 17:39:25.605360"
"256";"68366117AA";"12";NULL;"2026-05-28";"5";"3";"2026-05-28 17:39:25.941640";"2026-05-28 17:39:25.605399"
"257";"68420344AA";"1";NULL;"2026-05-28";"5";"3";"2026-05-28 17:39:25.941640";"2026-05-28 17:39:25.605438"
"258";"68425259AA";"1";NULL;"2026-05-28";"5";"3";"2026-05-28 17:39:25.941640";"2026-05-28 17:39:25.605622"
"259";"68610038AA";"1";NULL;"2026-05-28";"5";"3";"2026-05-28 17:39:25.941640";"2026-05-28 17:39:25.605657"
"260";"68256067AA";"16";NULL;"2026-05-28";"5";"3";"2026-05-28 17:39:25.941640";"2026-05-28 17:39:25.605969"
"261";"68335346AA";"1";NULL;"2026-05-28";"5";"3";"2026-05-28 17:39:25.941640";"2026-05-28 17:39:25.606007"
"262";"68497763AA";"1";NULL;"2026-05-28";"5";"3";"2026-05-28 17:39:25.941640";"2026-05-28 17:39:25.606106"
"263";"6YR28TZZAA";"1";NULL;"2026-05-28";"5";"3";"2026-05-28 17:39:25.941640";"2026-05-28 17:39:25.606194"
"264";"7MT26U00AA";"2";NULL;"2026-05-28";"5";"3";"2026-05-28 17:39:25.941640";"2026-05-28 17:39:25.606296"
"265";"68354000AA";"1";NULL;"2026-05-28";"5";"3";"2026-05-28 17:39:25.941640";"2026-05-28 17:39:25.606386"
"266";"7QC29U00AA";"1";NULL;"2026-05-28";"5";"3";"2026-05-28 17:39:25.941640";"2026-05-28 17:39:25.606423"
"267";"68335409AA";"2";NULL;"2026-05-28";"5";"3";"2026-05-28 17:39:25.941640";"2026-05-28 17:39:25.606486"
"268";"68530508AA";"1";NULL;"2026-05-28";"5";"3";"2026-05-28 17:39:25.941640";"2026-05-28 17:39:25.606555"
"269";"68353799AA";"1";NULL;"2026-05-28";"5";"3";"2026-05-28 17:39:25.941640";"2026-05-28 17:39:25.606616"
"270";"68364119AA";"1";NULL;"2026-05-28";"5";"3";"2026-05-28 17:39:25.941640";"2026-05-28 17:39:25.606679"
"271";"68526360AA";"3";NULL;"2026-05-28";"5";"3";"2026-05-28 17:39:25.941640";"2026-05-28 17:39:25.606713"
"272";"7GJ14LXHAA";"2";NULL;"2026-05-28";"5";"3";"2026-05-28 17:39:25.941640";"2026-05-28 17:39:25.606747"
"273";"68340412AA";"1";NULL;"2026-05-28";"5";"3";"2026-05-28 17:39:25.941640";"2026-05-28 17:39:25.606784"
"274";"TCN1557205";"3";NULL;"2026-05-28";"5";"3";"2026-05-28 17:39:25.941640";"2026-05-28 17:39:25.606821"
"275";"68406128AA";"1";NULL;"2026-05-28";"5";"3";"2026-05-28 17:39:25.941640";"2026-05-28 17:39:25.606883"
"276";"6VX85U00AA";"1";NULL;"2026-05-28";"5";"3";"2026-05-28 17:39:25.941640";"2026-05-28 17:39:25.606919"
"277";"68369939AA";"2";NULL;"2026-05-28";"5";"3";"2026-05-28 17:39:25.941640";"2026-05-28 17:39:25.606980"
"278";"68606871AA";"2";NULL;"2026-05-28";"5";"3";"2026-05-28 17:39:25.941640";"2026-05-28 17:39:25.607074"
"279";"68600586AA";"1";NULL;"2026-05-28";"5";"3";"2026-05-28 17:39:25.941640";"2026-05-28 17:39:25.607152"
"280";"68311564AA";"5";NULL;"2026-05-28";"5";"3";"2026-05-28 17:39:25.941640";"2026-05-28 17:39:25.607190"
"281";"68339306AA";"9";NULL;"2026-05-28";"5";"3";"2026-05-28 17:39:25.941640";"2026-05-28 17:39:25.607254"
"282";"7QC24TZZAA";"1";NULL;"2026-05-28";"5";"3";"2026-05-28 17:39:25.941640";"2026-05-28 17:39:25.607288"
"283";"68119507AA";"1";NULL;"2026-05-28";"5";"3";"2026-05-28 17:39:25.941640";"2026-05-28 17:39:25.607351"
"284";"1BP01360AA";"4";NULL;"2026-05-28";"5";"3";"2026-05-28 17:39:25.941640";"2026-05-28 17:39:25.607388"
"285";"68504237AA";"1";NULL;"2026-05-28";"5";"3";"2026-05-28 17:39:25.941640";"2026-05-28 17:39:25.607424"
"286";"68267921AA";"5";NULL;"2026-05-28";"5";"3";"2026-05-28 17:39:25.941640";"2026-05-28 17:39:25.607459"
"287";"7RA33UDMAA";"2";NULL;"2026-05-28";"5";"3";"2026-05-28 17:39:25.941640";"2026-05-28 17:39:25.607612"
"288";"7DT90U00AA";"1";NULL;"2026-05-28";"5";"3";"2026-05-28 17:39:25.941640";"2026-05-28 17:39:25.607676"
"289";"68201828AA";"14";NULL;"2026-05-28";"5";"3";"2026-05-28 17:39:25.941640";"2026-05-28 17:39:25.607712"
"290";"68439753AA";"7";NULL;"2026-05-28";"5";"3";"2026-05-28 17:39:25.941640";"2026-05-28 17:39:25.607773"
"291";"TCN0359315";"4";NULL;"2026-05-28";"5";"3";"2026-05-28 17:39:25.941640";"2026-05-28 17:39:25.607813"
"292";"68256847AA";"12";NULL;"2026-05-28";"5";"3";"2026-05-28 17:39:25.941640";"2026-05-28 17:39:25.607905"
"293";"68283332AA";"1";NULL;"2026-05-28";"5";"3";"2026-05-28 17:39:25.941640";"2026-05-28 17:39:25.607943"
"294";"TCN0359320";"4";NULL;"2026-05-28";"5";"3";"2026-05-28 17:39:25.941640";"2026-05-28 17:39:25.608010"
"295";"68398599AA";"12";NULL;"2026-05-28";"5";"3";"2026-05-28 17:39:25.941640";"2026-05-28 17:39:25.608180"
"296";"6UQ95LXHAA";"1";NULL;"2026-05-28";"5";"3";"2026-05-28 17:39:25.941640";"2026-05-28 17:39:25.608277"
"297";"68317158AA";"1";NULL;"2026-05-28";"5";"3";"2026-05-28 17:39:25.941640";"2026-05-28 17:39:25.608332"
"298";"68411433AA";"2";NULL;"2026-05-28";"5";"3";"2026-05-28 17:39:25.941640";"2026-05-28 17:39:25.608378"
"299";"68321193AA";"7";NULL;"2026-05-28";"5";"3";"2026-05-28 17:39:25.941640";"2026-05-28 17:39:25.608447"
"300";"68243347AA";"16";NULL;"2026-05-28";"5";"3";"2026-05-28 17:39:25.941640";"2026-05-28 17:39:25.608512"
"301";"68354051AA";"1";NULL;"2026-05-28";"5";"3";"2026-05-28 17:39:25.941640";"2026-05-28 17:39:25.608550"
"302";"68257438AA";"7";NULL;"2026-05-28";"5";"3";"2026-05-28 17:39:25.941640";"2026-05-28 17:39:25.608583"
"303";"6UM48U00AA";"2";NULL;"2026-05-28";"5";"3";"2026-05-28 17:39:25.941640";"2026-05-28 17:39:25.608674"
"304";"68472913AA";"5";NULL;"2026-05-28";"5";"3";"2026-05-28 17:39:25.941640";"2026-05-28 17:39:25.608735"
"305";"68185324AA";"8";NULL;"2026-05-28";"5";"3";"2026-05-28 17:39:25.941640";"2026-05-28 17:39:25.608772"
"306";"68361392AA";"2";NULL;"2026-05-28";"5";"3";"2026-05-28 17:39:25.941640";"2026-05-28 17:39:25.608827"
"307";"7EH68LXHAA";"1";NULL;"2026-05-28";"5";"3";"2026-05-28 17:39:25.941640";"2026-05-28 17:39:25.608872"
"308";"68322513AA";"1";NULL;"2026-05-28";"5";"3";"2026-05-28 17:39:25.941640";"2026-05-28 17:39:25.608952"
"309";"68256596AA";"6";NULL;"2026-05-28";"5";"3";"2026-05-28 17:39:25.941640";"2026-05-28 17:39:25.609072"
"310";"68338389AA";"6";NULL;"2026-05-28";"5";"3";"2026-05-28 17:39:25.941640";"2026-05-28 17:39:25.609202"
"311";"68079799AA";"2";NULL;"2026-05-28";"5";"3";"2026-05-28 17:39:25.941640";"2026-05-28 17:39:25.609296"
"312";"68301031AA";"3";NULL;"2026-05-28";"5";"3";"2026-05-28 17:39:25.941640";"2026-05-28 17:39:25.609332"
"313";"68372680AA";"1";NULL;"2026-05-28";"5";"3";"2026-05-28 17:39:25.941640";"2026-05-28 17:39:25.609366"
"314";"68316291AA";"5";NULL;"2026-05-28";"5";"3";"2026-05-28 17:39:25.941640";"2026-05-28 17:39:25.609453"
"315";"68301471AA";"6";NULL;"2026-05-28";"5";"3";"2026-05-28 17:39:25.941640";"2026-05-28 17:39:25.609589"
"316";"68534104AA";"2";NULL;"2026-05-28";"5";"3";"2026-05-28 17:39:25.941640";"2026-05-28 17:39:25.609623"
"317";"6CP97U68AA";"7";NULL;"2026-05-28";"5";"3";"2026-05-28 17:39:25.941640";"2026-05-28 17:39:25.609660"
"318";"68613383AA";"3";NULL;"2026-05-28";"5";"3";"2026-05-28 17:39:25.941640";"2026-05-28 17:39:25.609694"
"319";"6ZE36TZZAA";"1";NULL;"2026-05-28";"5";"3";"2026-05-28 17:39:25.941640";"2026-05-28 17:39:25.609768"
"320";"68436674AA";"12";NULL;"2026-05-28";"5";"3";"2026-05-28 17:39:25.941640";"2026-05-28 17:39:25.609834"
"321";"68533727AA";"3";NULL;"2026-05-28";"5";"3";"2026-05-28 17:39:25.941640";"2026-05-28 17:39:25.609929"
"322";"68334040AA";"1";NULL;"2026-05-28";"5";"3";"2026-05-28 17:39:25.941640";"2026-05-28 17:39:25.609993"
"323";"68444656AA";"42";NULL;"2026-05-28";"5";"3";"2026-05-28 17:39:25.941640";"2026-05-28 17:39:25.610027"
"324";"68340413AA";"1";NULL;"2026-05-28";"5";"3";"2026-05-28 17:39:25.941640";"2026-05-28 17:39:25.610060"
"325";"68404784AA";"4";NULL;"2026-05-28";"5";"3";"2026-05-28 17:39:25.941640";"2026-05-28 17:39:25.610095"
"326";"68383503AA";"1";NULL;"2026-05-28";"5";"3";"2026-05-28 17:39:25.941640";"2026-05-28 17:39:25.610129"
"327";"68406129AA";"1";NULL;"2026-05-28";"5";"3";"2026-05-28 17:39:25.941640";"2026-05-28 17:39:25.610162"
"328";"68311653AA";"19";NULL;"2026-05-28";"5";"3";"2026-05-28 17:39:25.941640";"2026-05-28 17:39:25.610299"
"329";"68351877AA";"5";NULL;"2026-05-28";"5";"3";"2026-05-28 17:39:25.941640";"2026-05-28 17:39:25.610335"
"330";"68404671AA";"1";NULL;"2026-05-28";"5";"3";"2026-05-28 17:39:25.941640";"2026-05-28 17:39:25.610368"
"331";"68300428AA";"2";NULL;"2026-05-28";"5";"3";"2026-05-28 17:39:25.941640";"2026-05-28 17:39:25.610401"
"332";"68300516AA";"14";NULL;"2026-05-28";"5";"3";"2026-05-28 17:39:25.941640";"2026-05-28 17:39:25.610435"
"333";"68318554AA";"1";NULL;"2026-05-28";"5";"3";"2026-05-28 17:39:25.941640";"2026-05-28 17:39:25.610500"
"334";"68201741AA";"4";NULL;"2026-05-28";"5";"3";"2026-05-28 17:39:25.941640";"2026-05-28 17:39:25.610569"
"335";"68635406AA";"1";NULL;"2026-05-28";"5";"3";"2026-05-28 17:39:25.941640";"2026-05-28 17:39:25.610607"
"336";"68300403AA";"1";NULL;"2026-05-28";"5";"3";"2026-05-28 17:39:25.941640";"2026-05-28 17:39:25.610704"
"337";"TF59000980";"3";NULL;"2026-05-28";"5";"3";"2026-05-28 17:39:25.941640";"2026-05-28 17:39:25.610768"
"338";"68300755AA";"1";NULL;"2026-05-28";"5";"3";"2026-05-28 17:39:25.941640";"2026-05-28 17:39:25.610830"
"339";"68317624AA";"1";NULL;"2026-05-28";"5";"3";"2026-05-28 17:39:25.941640";"2026-05-28 17:39:25.610921"
"340";"68136704AA";"3";NULL;"2026-05-28";"5";"3";"2026-05-28 17:39:25.941640";"2026-05-28 17:39:25.610993"
"341";"68606998AA";"1";NULL;"2026-05-28";"5";"3";"2026-05-28 17:39:25.941640";"2026-05-28 17:39:25.611062"
"342";"68521610AA";"4";NULL;"2026-05-28";"5";"3";"2026-05-28 17:39:25.941640";"2026-05-28 17:39:25.611097"
"343";"7TB65LXHAA";"2";NULL;"2026-05-28";"5";"3";"2026-05-28 17:39:25.941640";"2026-05-28 17:39:25.611132"
"344";"68320754AA";"1";NULL;"2026-05-28";"5";"3";"2026-05-28 17:39:25.941640";"2026-05-28 17:39:25.611166"
"345";"68349024AA";"11";NULL;"2026-05-28";"5";"3";"2026-05-28 17:39:25.941640";"2026-05-28 17:39:25.611253"
"346";"68639567AA";"1";NULL;"2026-05-28";"5";"3";"2026-05-28 17:39:25.941640";"2026-05-28 17:39:25.611316"
"347";"68150682AA";"4";NULL;"2026-05-28";"5";"3";"2026-05-28 17:39:25.941640";"2026-05-28 17:39:25.611381"
"348";"6LD47LXHAA";"1";NULL;"2026-05-28";"5";"3";"2026-05-28 17:39:25.941640";"2026-05-28 17:39:25.611509"
"349";"68472914AA";"1";NULL;"2026-05-28";"5";"3";"2026-05-28 17:39:25.941640";"2026-05-28 17:39:25.611621"
"350";"68224028AB";"231";NULL;"2026-05-28";"5";"3";"2026-05-28 17:39:25.941640";"2026-05-28 17:39:25.611656"
"351";"68073364AA";"24";NULL;"2026-05-28";"5";"3";"2026-05-28 17:39:25.941640";"2026-05-28 17:39:25.611692"
"352";"68346397AA";"1";NULL;"2026-05-28";"5";"3";"2026-05-28 17:39:25.941640";"2026-05-28 17:39:25.611905"
"353";"68292346AA";"51";NULL;"2026-05-28";"5";"3";"2026-05-28 17:39:25.941640";"2026-05-28 17:39:25.611946"
"354";"6MY56UDMAA";"2";NULL;"2026-05-28";"5";"3";"2026-05-28 17:39:25.941640";"2026-05-28 17:39:25.612054"
"355";"68239992AA";"3";NULL;"2026-05-28";"5";"3";"2026-05-28 17:39:25.941640";"2026-05-28 17:39:25.612095"
"356";"68407437AA";"1";NULL;"2026-05-28";"5";"3";"2026-05-28 17:39:25.941640";"2026-05-28 17:39:25.612166"
"357";"68441464AA";"1";NULL;"2026-05-28";"5";"3";"2026-05-28 17:39:25.941640";"2026-05-28 17:39:25.612239"
"358";"6UK73LXHAA";"1";NULL;"2026-05-28";"5";"3";"2026-05-28 17:39:25.941640";"2026-05-28 17:39:25.612353"
"359";"6CQ35JXWAA";"9";NULL;"2026-05-28";"5";"3";"2026-05-28 17:39:25.941640";"2026-05-28 17:39:25.612393"
"360";"68534105AA";"1";NULL;"2026-05-28";"5";"3";"2026-05-28 17:39:25.941640";"2026-05-28 17:39:25.612431"
"361";"68094331AA";"8";NULL;"2026-05-28";"5";"3";"2026-05-28 17:39:25.941640";"2026-05-28 17:39:25.612470"
"362";"Y109086382";"4";NULL;"2026-05-28";"5";"3";"2026-05-28 17:39:25.941640";"2026-05-28 17:39:25.612513"
"363";"68255491AA";"11";NULL;"2026-05-28";"5";"3";"2026-05-28 17:39:25.941640";"2026-05-28 17:39:25.612583"
"364";"TMI0004121";"4";NULL;"2026-05-28";"5";"3";"2026-05-28 17:39:25.941640";"2026-05-28 17:39:25.612657"
"365";"6UM50U00AA";"1";NULL;"2026-05-28";"5";"3";"2026-05-28 17:39:25.941640";"2026-05-28 17:39:25.612727"
"366";"68315186AA";"1";NULL;"2026-05-28";"5";"3";"2026-05-28 17:39:25.941640";"2026-05-28 17:39:25.612919"
"367";"6XB53TZZAA";"1";NULL;"2026-05-28";"5";"3";"2026-05-28 17:39:25.941640";"2026-05-28 17:39:25.612994"
"368";"68598539AA";"4";NULL;"2026-05-28";"5";"3";"2026-05-28 17:39:25.941640";"2026-05-28 17:39:25.613068"
"369";"68300894AA";"1";NULL;"2026-05-28";"5";"3";"2026-05-28 17:39:25.941640";"2026-05-28 17:39:25.613164"
"370";"7SP13UDMAA";"1";NULL;"2026-05-28";"5";"3";"2026-05-28 17:39:25.941640";"2026-05-28 17:39:25.613216"
"371";"68474800AA";"4";NULL;"2026-05-28";"5";"3";"2026-05-28 17:39:25.941640";"2026-05-28 17:39:25.613390"
"372";"68334280AA";"7";NULL;"2026-05-28";"5";"3";"2026-05-28 17:39:25.941640";"2026-05-28 17:39:25.613458"
"373";"68351878AA";"6";NULL;"2026-05-28";"5";"3";"2026-05-28 17:39:25.941640";"2026-05-28 17:39:25.613497"
"374";"68201478AA";"4";NULL;"2026-05-28";"5";"3";"2026-05-28 17:39:25.941640";"2026-05-28 17:39:25.613597"
"375";"68300957AA";"1";NULL;"2026-05-28";"5";"3";"2026-05-28 17:39:25.941640";"2026-05-28 17:39:25.613636"
"376";"68371965AA";"1";NULL;"2026-05-28";"5";"3";"2026-05-28 17:39:25.941640";"2026-05-28 17:39:25.613673"
"377";"68332357AA";"2";NULL;"2026-05-28";"5";"3";"2026-05-28 17:39:25.941640";"2026-05-28 17:39:25.613711"
"378";"68326248AA";"17";NULL;"2026-05-28";"5";"3";"2026-05-28 17:39:25.941640";"2026-05-28 17:39:25.613779"
"379";"68438121AA";"2";NULL;"2026-05-28";"5";"3";"2026-05-28 17:39:25.941640";"2026-05-28 17:39:25.613818"
"380";"6FM57MX5AA";"1";NULL;"2026-05-28";"5";"3";"2026-05-28 17:39:25.941640";"2026-05-28 17:39:25.613921"
"381";"68518833AA";"1";NULL;"2026-05-28";"5";"3";"2026-05-28 17:39:25.941640";"2026-05-28 17:39:25.613958"
"382";"68407400AA";"1";NULL;"2026-05-28";"5";"3";"2026-05-28 17:39:25.941640";"2026-05-28 17:39:25.614026"
"383";"68446367AA";"4";NULL;"2026-05-28";"5";"3";"2026-05-28 17:39:25.941640";"2026-05-28 17:39:25.614067"
"384";"68317160AA";"1";NULL;"2026-05-28";"5";"3";"2026-05-28 17:39:25.941640";"2026-05-28 17:39:25.614292"
"385";"68349025AA";"14";NULL;"2026-05-28";"5";"3";"2026-05-28 17:39:25.941640";"2026-05-28 17:39:25.614426"
"386";"68372091AA";"44";NULL;"2026-05-28";"5";"3";"2026-05-28 17:39:25.941640";"2026-05-28 17:39:25.614469"
"387";"6UP17U00AA";"1";NULL;"2026-05-28";"5";"3";"2026-05-28 17:39:25.941640";"2026-05-28 17:39:25.614507"
"388";"68217568AA";"4";NULL;"2026-05-28";"5";"3";"2026-05-28 17:39:25.941640";"2026-05-28 17:39:25.614578"
"389";"68346398AA";"5";NULL;"2026-05-28";"5";"3";"2026-05-28 17:39:25.941640";"2026-05-28 17:39:25.614711"
"390";"68399456AA";"1";NULL;"2026-05-28";"5";"3";"2026-05-28 17:39:25.941640";"2026-05-28 17:39:25.614818"
"391";"68469936AA";"9";NULL;"2026-05-28";"5";"3";"2026-05-28 17:39:25.941640";"2026-05-28 17:39:25.614858"
"392";"7TB32JXWPA";"1";NULL;"2026-05-28";"5";"3";"2026-05-28 17:39:25.941640";"2026-05-28 17:39:25.615043"
"393";"68300681AA";"1";NULL;"2026-05-28";"5";"3";"2026-05-28 17:39:25.941640";"2026-05-28 17:39:25.615188"
"394";"68368735AA";"1";NULL;"2026-05-28";"5";"3";"2026-05-28 17:39:25.941640";"2026-05-28 17:39:25.615262"
"395";"68368823AA";"1";NULL;"2026-05-28";"5";"3";"2026-05-28 17:39:25.941640";"2026-05-28 17:39:25.615300"
"396";"68377622AA";"1";NULL;"2026-05-28";"5";"3";"2026-05-28 17:39:25.941640";"2026-05-28 17:39:25.615339"
"397";"68094973AA";"4";NULL;"2026-05-28";"5";"3";"2026-05-28 17:39:25.941640";"2026-05-28 17:39:25.615378"
"398";"68326261AA";"11";NULL;"2026-05-28";"5";"3";"2026-05-28 17:39:25.941640";"2026-05-28 17:39:25.615419"
"399";"68337662AC";"1";NULL;"2026-05-28";"5";"3";"2026-05-28 17:39:25.941640";"2026-05-28 17:39:25.615458"
"400";"68519374AA";"10";NULL;"2026-05-28";"5";"3";"2026-05-28 17:39:25.941640";"2026-05-28 17:39:25.615527"
"401";"68630166AA";"7";NULL;"2026-05-28";"5";"3";"2026-05-28 17:39:25.941640";"2026-05-28 17:39:25.615569"
"402";"68368798AA";"15";NULL;"2026-05-28";"5";"3";"2026-05-28 17:39:25.941640";"2026-05-28 17:39:25.615608"
"403";"7RW39UDMAA";"3";NULL;"2026-05-28";"5";"3";"2026-05-28 17:39:25.941640";"2026-05-28 17:39:25.615646"
"404";"7TB58LXHAA";"1";NULL;"2026-05-28";"5";"3";"2026-05-28 17:39:25.941640";"2026-05-28 17:39:25.615684"
"405";"6CP96LXHAA";"8";NULL;"2026-05-28";"5";"3";"2026-05-28 17:39:25.941640";"2026-05-28 17:39:25.615754"
"406";"68301536AA";"1";NULL;"2026-05-28";"5";"3";"2026-05-28 17:39:25.941640";"2026-05-28 17:39:25.615825"
"407";"68584361AA";"7";NULL;"2026-05-28";"5";"3";"2026-05-28 17:39:25.941640";"2026-05-28 17:39:25.615867"
"408";"68416011AA";"1";NULL;"2026-05-28";"5";"3";"2026-05-28 17:39:25.941640";"2026-05-28 17:39:25.615907"
"409";"68312761AD";"1";NULL;"2026-05-28";"5";"3";"2026-05-28 17:39:25.941640";"2026-05-28 17:39:25.616013"
"410";"68499061AA";"1";NULL;"2026-05-28";"5";"3";"2026-05-28 17:39:25.941640";"2026-05-28 17:39:25.616056"
"411";"68607163AA";"1";NULL;"2026-05-28";"5";"3";"2026-05-28 17:39:25.941640";"2026-05-28 17:39:25.616095"
"412";"68300631AA";"13";NULL;"2026-05-28";"5";"3";"2026-05-28 17:39:25.941640";"2026-05-28 17:39:25.616176"
"413";"68220271AA";"8";NULL;"2026-05-28";"5";"3";"2026-05-28 17:39:25.941640";"2026-05-28 17:39:25.616281"
"414";"68471847AA";"1";NULL;"2026-05-28";"5";"3";"2026-05-28 17:39:25.941640";"2026-05-28 17:39:25.616319"
"415";"68372632AA";"1";NULL;"2026-05-28";"5";"3";"2026-05-28 17:39:25.941640";"2026-05-28 17:39:25.616359"
"416";"68330070AA";"1";NULL;"2026-05-28";"5";"3";"2026-05-28 17:39:25.941640";"2026-05-28 17:39:25.616430"
"417";"68439517AA";"8";NULL;"2026-05-28";"5";"3";"2026-05-28 17:39:25.941640";"2026-05-28 17:39:25.616480"
"418";"68639468AA";"1";NULL;"2026-05-28";"5";"3";"2026-05-28 17:39:25.941640";"2026-05-28 17:39:25.616536"
"419";"68334281AA";"3";NULL;"2026-05-28";"5";"3";"2026-05-28 17:39:25.941640";"2026-05-28 17:39:25.616622"
"420";"68550485AA";"1";NULL;"2026-05-28";"5";"3";"2026-05-28 17:39:25.941640";"2026-05-28 17:39:25.616661"
"421";"68094282AA";"2";NULL;"2026-05-28";"5";"3";"2026-05-28 17:39:25.941640";"2026-05-28 17:39:25.616700"
"422";"68320630AA";"2";NULL;"2026-05-28";"5";"3";"2026-05-28 17:39:25.941640";"2026-05-28 17:39:25.616741"
"423";"68607314AA";"1";NULL;"2026-05-28";"5";"3";"2026-05-28 17:39:25.941640";"2026-05-28 17:39:25.616784"
"424";"6RT77U0OAA";"1";NULL;"2026-05-28";"5";"3";"2026-05-28 17:39:25.941640";"2026-05-28 17:39:25.616882"
"425";"1BP00458AB";"1";NULL;"2026-05-28";"5";"3";"2026-05-28 17:39:25.941640";"2026-05-28 17:39:25.617032"
"426";"68301046AA";"1";NULL;"2026-05-28";"5";"3";"2026-05-28 17:39:25.941640";"2026-05-28 17:39:25.617074"
"427";"68590332AA";"4";NULL;"2026-05-28";"5";"3";"2026-05-28 17:39:25.941640";"2026-05-28 17:39:25.617208"
"428";"68365417AA";"1";NULL;"2026-05-28";"5";"3";"2026-05-28 17:39:25.941640";"2026-05-28 17:39:25.617251"
"429";"68334080AA";"1";NULL;"2026-05-28";"5";"3";"2026-05-28 17:39:25.941640";"2026-05-28 17:39:25.617296"
"430";"68439756AA";"6";NULL;"2026-05-28";"5";"3";"2026-05-28 17:39:25.941640";"2026-05-28 17:39:25.617342"
"431";"68469924AA";"1";NULL;"2026-05-28";"5";"3";"2026-05-28 17:39:25.941640";"2026-05-28 17:39:25.617381"
"432";"68635848AA";"1";NULL;"2026-05-28";"5";"3";"2026-05-28 17:39:25.941640";"2026-05-28 17:39:25.617419"
"433";"68311630AA";"1";NULL;"2026-05-28";"5";"3";"2026-05-28 17:39:25.941640";"2026-05-28 17:39:25.617456"
"434";"68519299AA";"4";NULL;"2026-05-28";"5";"3";"2026-05-28 17:39:25.941640";"2026-05-28 17:39:25.617523"
"435";"6UQ90LXHAA";"2";NULL;"2026-05-28";"5";"3";"2026-05-28 17:39:25.941640";"2026-05-28 17:39:25.617631"
"436";"68366209AA";"1";NULL;"2026-05-28";"5";"3";"2026-05-28 17:39:25.941640";"2026-05-28 17:39:25.617698"
"437";"68393951AA";"1";NULL;"2026-05-28";"5";"3";"2026-05-28 17:39:25.941640";"2026-05-28 17:39:25.617769"
"438";"68505824AA";"1";NULL;"2026-05-28";"5";"3";"2026-05-28 17:39:25.941640";"2026-05-28 17:39:25.617812"
"439";"68351741AA";"1";NULL;"2026-05-28";"5";"3";"2026-05-28 17:39:25.941640";"2026-05-28 17:39:25.617954"
"440";"68606912AA";"1";NULL;"2026-05-28";"5";"3";"2026-05-28 17:39:25.941640";"2026-05-28 17:39:25.617993"
"441";"68548097AA";"1";NULL;"2026-05-28";"5";"3";"2026-05-28 17:39:25.941640";"2026-05-28 17:39:25.618092"
"442";"68304327AA";"1";NULL;"2026-05-28";"5";"3";"2026-05-28 17:39:25.941640";"2026-05-28 17:39:25.618158"
"443";"6QQ99LXHAA";"19";NULL;"2026-05-28";"5";"3";"2026-05-28 17:39:25.941640";"2026-05-28 17:39:25.618314"
"444";"68548713AA";"4";NULL;"2026-05-28";"5";"3";"2026-05-28 17:39:25.941640";"2026-05-28 17:39:25.618516"
"445";"68592884AA";"1";NULL;"2026-05-28";"5";"3";"2026-05-28 17:39:25.941640";"2026-05-28 17:39:25.618679"
"446";"68315175AA";"3";NULL;"2026-05-28";"5";"3";"2026-05-28 17:39:25.941640";"2026-05-28 17:39:25.618767"
"447";"68418513AA";"1";NULL;"2026-05-28";"5";"3";"2026-05-28 17:39:25.941640";"2026-05-28 17:39:25.618857"
"448";"68217569AA";"19";NULL;"2026-05-28";"5";"3";"2026-05-28 17:39:25.941640";"2026-05-28 17:39:25.618930"
"449";"BBH8E001AA";"11";NULL;"2026-05-28";"5";"3";"2026-05-28 17:39:25.941640";"2026-05-28 17:39:25.619035"
"450";"7DX84TZZAA";"5";NULL;"2026-05-28";"5";"3";"2026-05-28 17:39:25.941640";"2026-05-28 17:39:25.619078"
"451";"68338593AA";"1";NULL;"2026-05-28";"5";"3";"2026-05-28 17:39:25.941640";"2026-05-28 17:39:25.619147"
"452";"7AW40LXHAA";"3";NULL;"2026-05-28";"5";"3";"2026-05-28 17:39:25.941640";"2026-05-28 17:39:25.619188"
"453";"68322516AA";"1";NULL;"2026-05-28";"5";"3";"2026-05-28 17:39:25.941640";"2026-05-28 17:39:25.619287"
"454";"68579208AA";"6";NULL;"2026-05-28";"5";"3";"2026-05-28 17:39:25.941640";"2026-05-28 17:39:25.619327"
"455";"68497767AA";"1";NULL;"2026-05-28";"5";"3";"2026-05-28 17:39:25.941640";"2026-05-28 17:39:25.619434"
"456";"68629752AA";"3";NULL;"2026-05-28";"5";"3";"2026-05-28 17:39:25.941640";"2026-05-28 17:39:25.619475"
"457";"68300770AA";"3";NULL;"2026-05-28";"5";"3";"2026-05-28 17:39:25.941640";"2026-05-28 17:39:25.619605"
"458";"68368824AA";"1";NULL;"2026-05-28";"5";"3";"2026-05-28 17:39:25.941640";"2026-05-28 17:39:25.619740"
"459";"68377623AA";"1";NULL;"2026-05-28";"5";"3";"2026-05-28 17:39:25.941640";"2026-05-28 17:39:25.619785"
"460";"68316118AA";"1";NULL;"2026-05-28";"5";"3";"2026-05-28 17:39:25.941640";"2026-05-28 17:39:25.619855"
"461";"68303724AA";"6";NULL;"2026-05-28";"5";"3";"2026-05-28 17:39:25.941640";"2026-05-28 17:39:25.619990"
"462";"6ZN67TZZAA";"1";NULL;"2026-05-28";"5";"3";"2026-05-28 17:39:25.941640";"2026-05-28 17:39:25.620035"
"463";"68497566AA";"1";NULL;"2026-05-28";"5";"3";"2026-05-28 17:39:25.941640";"2026-05-28 17:39:25.620074"
"464";"68525220AA";"1";NULL;"2026-05-28";"5";"3";"2026-05-28 17:39:25.941640";"2026-05-28 17:39:25.620113"
"465";"68276422AA";"8";NULL;"2026-05-28";"5";"3";"2026-05-28 17:39:25.941640";"2026-05-28 17:39:25.620152"
"466";"68311618AA";"2";NULL;"2026-05-28";"5";"3";"2026-05-28 17:39:25.941640";"2026-05-28 17:39:25.620191"
"467";"6MF14UDMAA";"1";NULL;"2026-05-28";"5";"3";"2026-05-28 17:39:25.941640";"2026-05-28 17:39:25.620232"
"468";"68631072AA";"3";NULL;"2026-05-28";"5";"3";"2026-05-28 17:39:25.941640";"2026-05-28 17:39:25.620270"
"469";"68114621AA";"5";NULL;"2026-05-28";"5";"3";"2026-05-28 17:39:25.941640";"2026-05-28 17:39:25.620308"
"470";"7AU08TZZAA";"1";NULL;"2026-05-28";"5";"3";"2026-05-28 17:39:25.941640";"2026-05-28 17:39:25.620379"
"471";"68372746AA";"1";NULL;"2026-05-28";"5";"3";"2026-05-28 17:39:25.941640";"2026-05-28 17:39:25.620450"
"472";"68475003AA";"1";NULL;"2026-05-28";"5";"3";"2026-05-28 17:39:25.941640";"2026-05-28 17:39:25.620685"
"473";"68408470AA";"1";NULL;"2026-05-28";"5";"3";"2026-05-28 17:39:25.941640";"2026-05-28 17:39:25.620724"
"474";"68404787AA";"1";NULL;"2026-05-28";"5";"3";"2026-05-28 17:39:25.941640";"2026-05-28 17:39:25.620761"
"475";"68252602AC";"1";NULL;"2026-05-28";"5";"3";"2026-05-28 17:39:25.941640";"2026-05-28 17:39:25.620800"
"476";"68213899AA";"2";NULL;"2026-05-28";"5";"3";"2026-05-28 17:39:25.941640";"2026-05-28 17:39:25.620838"
"477";"68349743AA";"1";NULL;"2026-05-28";"5";"3";"2026-05-28 17:39:25.941640";"2026-05-28 17:39:25.620874"
"478";"68377661AA";"2";NULL;"2026-05-28";"5";"3";"2026-05-28 17:39:25.941640";"2026-05-28 17:39:25.620911"
"479";"68400639AA";"1";NULL;"2026-05-28";"5";"3";"2026-05-28 17:39:25.941640";"2026-05-28 17:39:25.620982"
"480";"68491231AA";"1";NULL;"2026-05-28";"5";"3";"2026-05-28 17:39:25.941640";"2026-05-28 17:39:25.621024"
"481";"7HN63U00AA";"1";NULL;"2026-05-28";"5";"3";"2026-05-28 17:39:25.941640";"2026-05-28 17:39:25.621097"
"482";"7RW50UDMAA";"1";NULL;"2026-05-28";"5";"3";"2026-05-28 17:39:25.941640";"2026-05-28 17:39:25.621205"
"483";"68357260AA";"1";NULL;"2026-05-28";"5";"3";"2026-05-28 17:39:25.941640";"2026-05-28 17:39:25.621246"
"484";"68525698AA";"1";NULL;"2026-05-28";"5";"3";"2026-05-28 17:39:25.941640";"2026-05-28 17:39:25.621285"
"485";"68368661AA";"1";NULL;"2026-05-28";"5";"3";"2026-05-28 17:39:25.941640";"2026-05-28 17:39:25.621356"
"486";"1BP00459AB";"2";NULL;"2026-05-28";"5";"3";"2026-05-28 17:39:25.941640";"2026-05-28 17:39:25.621485"
"487";"68303737AA";"3";NULL;"2026-05-28";"5";"3";"2026-05-28 17:39:25.941640";"2026-05-28 17:39:25.621523"
"488";"68369541AA";"2";NULL;"2026-05-28";"5";"3";"2026-05-28 17:39:25.941640";"2026-05-28 17:39:25.621792"
"489";"68321951AA";"12";NULL;"2026-05-28";"5";"3";"2026-05-28 17:39:25.941640";"2026-05-28 17:39:25.621866"
"490";"68311983AA";"14";NULL;"2026-05-28";"5";"3";"2026-05-28 17:39:25.941640";"2026-05-28 17:39:25.621904"
"491";"68322127AA";"96";NULL;"2026-05-28";"5";"3";"2026-05-28 17:39:25.941640";"2026-05-28 17:39:25.621941"
"492";"TPR2859600";"8";NULL;"2026-05-28";"5";"3";"2026-05-28 17:39:25.941640";"2026-05-28 17:39:25.621981"
"493";"68459228AA";"1";NULL;"2026-05-28";"5";"3";"2026-05-28 17:39:25.941640";"2026-05-28 17:39:25.622022"
"494";"68377611AA";"1";NULL;"2026-05-28";"5";"3";"2026-05-28 17:39:25.941640";"2026-05-28 17:39:25.622093"
"495";"68495769AA";"1";NULL;"2026-05-28";"5";"3";"2026-05-28 17:39:25.941640";"2026-05-28 17:39:25.622130"
"496";"68320053AA";"1";NULL;"2026-05-28";"5";"3";"2026-05-28 17:39:25.941640";"2026-05-28 17:39:25.622204"
"497";"68360277AA";"2";NULL;"2026-05-28";"5";"3";"2026-05-28 17:39:25.941640";"2026-05-28 17:39:25.622243"
"498";"68595336AA";"1";NULL;"2026-05-28";"5";"3";"2026-05-28 17:39:25.941640";"2026-05-28 17:39:25.622282"
"499";"68361798AA";"1";NULL;"2026-05-28";"5";"3";"2026-05-28 17:39:25.941640";"2026-05-28 17:39:25.622354"
"500";"L0000D3S";"1";NULL;"2026-05-28";"5";"3";"2026-05-28 17:39:25.941640";"2026-05-28 17:39:25.622394"
"501";"68311958AA";"2";NULL;"2026-05-28";"5";"3";"2026-05-28 17:39:25.941640";"2026-05-28 17:39:25.622530"
"502";"68255569AA";"14";NULL;"2026-05-28";"5";"3";"2026-05-28 17:39:25.941640";"2026-05-28 17:39:25.622573"
"503";"68322718AA";"1";NULL;"2026-05-28";"5";"3";"2026-05-28 17:39:25.941640";"2026-05-28 17:39:25.622705"
"504";"68256273AA";"5";NULL;"2026-05-28";"5";"3";"2026-05-28 17:39:25.941640";"2026-05-28 17:39:25.622820"
"505";"68119700AA";"3";NULL;"2026-05-28";"5";"3";"2026-05-28 17:39:25.941640";"2026-05-28 17:39:25.623035"
"506";"68322605AA";"5";NULL;"2026-05-28";"5";"3";"2026-05-28 17:39:25.941640";"2026-05-28 17:39:25.623135"
"507";"68526327AA";"3";NULL;"2026-05-28";"5";"3";"2026-05-28 17:39:25.941640";"2026-05-28 17:39:25.623175"
"508";"68414630AA";"2";NULL;"2026-05-28";"5";"3";"2026-05-28 17:39:25.941640";"2026-05-28 17:39:25.623216"
"509";"6UQ92LXHAA";"5";NULL;"2026-05-28";"5";"3";"2026-05-28 17:39:25.941640";"2026-05-28 17:39:25.623257"
"510";"68607039AA";"1";NULL;"2026-05-28";"5";"3";"2026-05-28 17:39:25.941640";"2026-05-28 17:39:25.623296"
"511";"68629753AA";"3";NULL;"2026-05-28";"5";"3";"2026-05-28 17:39:25.941640";"2026-05-28 17:39:25.623335"
"512";"68464181AA";"1";NULL;"2026-05-28";"5";"3";"2026-05-28 17:39:25.941640";"2026-05-28 17:39:25.623467"
"513";"68341171AA";"1";NULL;"2026-05-28";"5";"3";"2026-05-28 17:39:25.941640";"2026-05-28 17:39:25.623514"
"514";"68337664AA";"14";NULL;"2026-05-28";"5";"3";"2026-05-28 17:39:25.941640";"2026-05-28 17:39:25.623629"
"515";"68418112AA";"175";NULL;"2026-05-28";"5";"3";"2026-05-28 17:39:25.941640";"2026-05-28 17:39:25.623671"
"516";"68301475AA";"3";NULL;"2026-05-28";"5";"3";"2026-05-28 17:39:25.941640";"2026-05-28 17:39:25.623710"
"517";"68340442AA";"1";NULL;"2026-05-28";"5";"3";"2026-05-28 17:39:25.941640";"2026-05-28 17:39:25.623749"
"518";"68457343AA";"1";NULL;"2026-05-28";"5";"3";"2026-05-28 17:39:25.941640";"2026-05-28 17:39:25.623787"
"519";"7AX58TZZAA";"1";NULL;"2026-05-28";"5";"3";"2026-05-28 17:39:25.941640";"2026-05-28 17:39:25.623829"
"520";"68246431AA";"48";NULL;"2026-05-28";"5";"3";"2026-05-28 17:39:25.941640";"2026-05-28 17:39:25.623931"
"521";"7MS76LXHAA";"1";NULL;"2026-05-28";"5";"3";"2026-05-28 17:39:25.941640";"2026-05-28 17:39:25.624102"
"522";"68645252AA";"1";NULL;"2026-05-28";"5";"3";"2026-05-28 17:39:25.941640";"2026-05-28 17:39:25.624143"
"523";"68400577AA";"1";NULL;"2026-05-28";"5";"3";"2026-05-28 17:39:25.941640";"2026-05-28 17:39:25.624302"
"524";"68339072AA";"2";NULL;"2026-05-28";"5";"3";"2026-05-28 17:39:25.941640";"2026-05-28 17:39:25.624343"
"525";"57008417AA";"4";NULL;"2026-05-28";"5";"3";"2026-05-28 17:39:25.941640";"2026-05-28 17:39:25.624383"
"526";"7DX86TZZAA";"2";NULL;"2026-05-28";"5";"3";"2026-05-28 17:39:25.941640";"2026-05-28 17:39:25.624422"
"527";"7MS51U00AA";"1";NULL;"2026-05-28";"5";"3";"2026-05-28 17:39:25.941640";"2026-05-28 17:39:25.624501"
"528";"68301538AA";"21";NULL;"2026-05-28";"5";"3";"2026-05-28 17:39:25.941640";"2026-05-28 17:39:25.624542"
"529";"68363483AA";"1";NULL;"2026-05-28";"5";"3";"2026-05-28 17:39:25.941640";"2026-05-28 17:39:25.624611"
"530";"68498246AA";"1";NULL;"2026-05-28";"5";"3";"2026-05-28 17:39:25.941640";"2026-05-28 17:39:25.624714"
"531";"68189904AA";"1";NULL;"2026-05-28";"5";"3";"2026-05-28 17:39:25.941640";"2026-05-28 17:39:25.624788"
"532";"68368662AA";"1";NULL;"2026-05-28";"5";"3";"2026-05-28 17:39:25.941640";"2026-05-28 17:39:25.624828"
"533";"1BP00460AB";"2";NULL;"2026-05-28";"5";"3";"2026-05-28 17:39:25.941640";"2026-05-28 17:39:25.624867"
"534";"TCN1550189";"4";NULL;"2026-05-28";"5";"3";"2026-05-28 17:39:25.941640";"2026-05-28 17:39:25.624908"
"535";"68439758AA";"1";NULL;"2026-05-28";"5";"3";"2026-05-28 17:39:25.941640";"2026-05-28 17:39:25.624949"
"536";"68353201AA";"1";NULL;"2026-05-28";"5";"3";"2026-05-28 17:39:25.941640";"2026-05-28 17:39:25.624989"
"537";"68607115AA";"2";NULL;"2026-05-28";"5";"3";"2026-05-28 17:39:25.941640";"2026-05-28 17:39:25.625028"
"538";"68378517AA";"1";NULL;"2026-05-28";"5";"3";"2026-05-28 17:39:25.941640";"2026-05-28 17:39:25.625068"
"539";"68379774AA";"1";NULL;"2026-05-28";"5";"3";"2026-05-28 17:39:25.941640";"2026-05-28 17:39:25.625108"
"540";"68338469AA";"2";NULL;"2026-05-28";"5";"3";"2026-05-28 17:39:25.941640";"2026-05-28 17:39:25.625182"
"541";"68263137AA";"1";NULL;"2026-05-28";"5";"3";"2026-05-28 17:39:25.941640";"2026-05-28 17:39:25.625255"
"542";"68317364AA";"1";NULL;"2026-05-28";"5";"3";"2026-05-28 17:39:25.941640";"2026-05-28 17:39:25.625295"
"543";"68320054AA";"2";NULL;"2026-05-28";"5";"3";"2026-05-28 17:39:25.941640";"2026-05-28 17:39:25.625363"
"544";"68626938AA";"1";NULL;"2026-05-28";"5";"3";"2026-05-28 17:39:25.941640";"2026-05-28 17:39:25.625445"
"545";"68095315AA";"74";NULL;"2026-05-28";"5";"3";"2026-05-28 17:39:25.941640";"2026-05-28 17:39:25.625520"
"546";"68351743AA";"5";NULL;"2026-05-28";"5";"3";"2026-05-28 17:39:25.941640";"2026-05-28 17:39:25.625558"
"547";"68361799AA";"1";NULL;"2026-05-28";"5";"3";"2026-05-28 17:39:25.941640";"2026-05-28 17:39:25.625598"
"548";"68356859AA";"1";NULL;"2026-05-28";"5";"3";"2026-05-28 17:39:25.941640";"2026-05-28 17:39:25.625636"
"549";"68237532AA";"3";NULL;"2026-05-28";"5";"3";"2026-05-28 17:39:25.941640";"2026-05-28 17:39:25.625703"
"550";"68073393AA";"13";NULL;"2026-05-28";"5";"3";"2026-05-28 17:39:25.941640";"2026-05-28 17:39:25.625833"
"551";"68377763AA";"5";NULL;"2026-05-28";"5";"3";"2026-05-28 17:39:25.941640";"2026-05-28 17:39:25.625903"
"552";"68316346AA";"8";NULL;"2026-05-28";"5";"3";"2026-05-28 17:39:25.941640";"2026-05-28 17:39:25.625974"
"553";"6RP89TZZAA";"1";NULL;"2026-05-28";"5";"3";"2026-05-28 17:39:25.941640";"2026-05-28 17:39:25.626054"
"554";"7MT29TZZAA";"1";NULL;"2026-05-28";"5";"3";"2026-05-28 17:39:25.941640";"2026-05-28 17:39:25.626093"
"555";"68496801AA";"1";NULL;"2026-05-28";"5";"3";"2026-05-28 17:39:25.941640";"2026-05-28 17:39:25.626130"
"556";"68377650AA";"1";NULL;"2026-05-28";"5";"3";"2026-05-28 17:39:25.941640";"2026-05-28 17:39:25.626232"
"557";"6MX70UDMAA";"1";NULL;"2026-05-28";"5";"3";"2026-05-28 17:39:25.941640";"2026-05-28 17:39:25.626307"
"558";"7DB17U00AA";"1";NULL;"2026-05-28";"5";"3";"2026-05-28 17:39:25.941640";"2026-05-28 17:39:25.626352"
"559";"68411765AA";"1";NULL;"2026-05-28";"5";"3";"2026-05-28 17:39:25.941640";"2026-05-28 17:39:25.626452"
"560";"68461140AA";"1";NULL;"2026-05-28";"5";"3";"2026-05-28 17:39:25.941640";"2026-05-28 17:39:25.626524"
"561";"6JV39TZZAA";"1";NULL;"2026-05-28";"5";"3";"2026-05-28 17:39:25.941640";"2026-05-28 17:39:25.626627"
"562";"6MX61UDMAA";"2";NULL;"2026-05-28";"5";"3";"2026-05-28 17:39:25.941640";"2026-05-28 17:39:25.626665"
"563";"7RA32UDMAA";"1";NULL;"2026-05-28";"5";"3";"2026-05-28 17:39:25.941640";"2026-05-28 17:39:25.626735"
"564";"68301476AA";"2";NULL;"2026-05-28";"5";"3";"2026-05-28 17:39:25.941640";"2026-05-28 17:39:25.626775"
"565";"68339186AA";"1";NULL;"2026-05-28";"5";"3";"2026-05-28 17:39:25.941640";"2026-05-28 17:39:25.626812"
"566";"68607279AA";"1";NULL;"2026-05-28";"5";"3";"2026-05-28 17:39:25.941640";"2026-05-28 17:39:25.626912"
"567";"68366199AA";"1";NULL;"2026-05-28";"5";"3";"2026-05-28 17:39:25.941640";"2026-05-28 17:39:25.627075"
"568";"68372748AA";"1";NULL;"2026-05-28";"5";"3";"2026-05-28 17:39:25.941640";"2026-05-28 17:39:25.627165"
"569";"TCN0354852";"4";NULL;"2026-05-28";"5";"3";"2026-05-28 17:39:25.941640";"2026-05-28 17:39:25.627262"
"570";"7TA34LXHAA";"1";NULL;"2026-05-28";"5";"3";"2026-05-28 17:39:25.941640";"2026-05-28 17:39:25.627441"
"571";"TCN0354853";"4";NULL;"2026-05-28";"5";"3";"2026-05-28 17:39:25.941640";"2026-05-28 17:39:25.627509"
"572";"68357023AA";"2";NULL;"2026-05-28";"5";"3";"2026-05-28 17:39:25.941640";"2026-05-28 17:39:25.627573"
"573";"68374709AA";"4";NULL;"2026-05-28";"5";"3";"2026-05-28 17:39:25.941640";"2026-05-28 17:39:25.627635"
"574";"68648999AA";"6";NULL;"2026-05-28";"5";"3";"2026-05-28 17:39:25.941640";"2026-05-28 17:39:25.627699"
"575";"68632746AA";"2";NULL;"2026-05-28";"5";"3";"2026-05-28 17:39:25.941640";"2026-05-28 17:39:25.627760"
"576";"68533531AA";"2";NULL;"2026-05-28";"5";"3";"2026-05-28 17:39:25.941640";"2026-05-28 17:39:25.627812"
"577";"TPR2639800";"4";NULL;"2026-05-28";"5";"3";"2026-05-28 17:39:25.941640";"2026-05-28 17:39:25.627978"
"578";"68364188AA";"1";NULL;"2026-05-28";"5";"3";"2026-05-28 17:39:25.941640";"2026-05-28 17:39:25.628150"
"579";"670159686";"2";NULL;"2026-05-28";"21";"85";"2026-05-28 17:42:40.838627";"2026-05-28 17:42:40.576002"
"580";"670032734";"4";NULL;"2026-05-28";"21";"85";"2026-05-28 17:42:40.838627";"2026-05-28 17:42:40.576169"
"581";"670052849";"4";NULL;"2026-05-28";"21";"85";"2026-05-28 17:42:40.838627";"2026-05-28 17:42:40.576331"
"582";"675000404";"2";NULL;"2026-05-28";"21";"85";"2026-05-28 17:42:40.838627";"2026-05-28 17:42:40.576539"
"583";"670037769";"4";NULL;"2026-05-28";"21";"85";"2026-05-28 17:42:40.838627";"2026-05-28 17:42:40.576656"
"584";"670039029";"4";NULL;"2026-05-28";"21";"85";"2026-05-28 17:42:40.838627";"2026-05-28 17:42:40.576769"
"585";"194982";"1";NULL;"2026-05-28";"21";"85";"2026-05-28 17:42:40.838627";"2026-05-28 17:42:40.577135"
"586";"670039033";"4";NULL;"2026-05-28";"21";"85";"2026-05-28 17:42:40.838627";"2026-05-28 17:42:40.577233"
"587";"670050349";"9";NULL;"2026-05-28";"21";"85";"2026-05-28 17:42:40.838627";"2026-05-28 17:42:40.577391"
"588";"803384";"1";NULL;"2026-05-28";"21";"85";"2026-05-28 17:42:40.838627";"2026-05-28 17:42:40.577774"
"589";"670162239";"1";NULL;"2026-05-28";"21";"85";"2026-05-28 17:42:40.838627";"2026-05-28 17:42:40.578004"
"590";"673001809";"1";NULL;"2026-05-28";"21";"85";"2026-05-28 17:42:40.838627";"2026-05-28 17:42:40.578351"
"591";"231466";"1";NULL;"2026-05-28";"21";"85";"2026-05-28 17:42:40.838627";"2026-05-28 17:42:40.578477"
"592";"670153451";"1";NULL;"2026-05-28";"21";"85";"2026-05-28 17:42:40.838627";"2026-05-28 17:42:40.578541"
"593";"670174821";"1";NULL;"2026-05-28";"21";"85";"2026-05-28 17:42:40.838627";"2026-05-28 17:42:40.578700"
"594";"670105705";"7";NULL;"2026-05-28";"21";"85";"2026-05-28 17:42:40.838627";"2026-05-28 17:42:40.579162"
"595";"670105706";"4";NULL;"2026-05-28";"21";"85";"2026-05-28 17:42:40.838627";"2026-05-28 17:42:40.579224"
"596";"675000467";"4";NULL;"2026-05-28";"21";"85";"2026-05-28 17:42:40.838627";"2026-05-28 17:42:40.579436"
"597";"670300551";"1";NULL;"2026-05-28";"21";"85";"2026-05-28 17:42:40.838627";"2026-05-28 17:42:40.579795"
"598";"940001222";"1";NULL;"2026-05-28";"21";"85";"2026-05-28 17:42:40.838627";"2026-05-28 17:42:40.580110"
"599";"223982";"4";NULL;"2026-05-28";"21";"85";"2026-05-28 17:42:40.838627";"2026-05-28 17:42:40.580753"
"600";"670052956";"2";NULL;"2026-05-28";"21";"85";"2026-05-28 17:42:40.838627";"2026-05-28 17:42:40.581254"
"601";"670031597";"10";NULL;"2026-05-28";"21";"85";"2026-05-28 17:42:40.838627";"2026-05-28 17:42:40.581631"
"602";"980139782";"1";NULL;"2026-05-28";"21";"85";"2026-05-28 17:42:40.838627";"2026-05-28 17:42:40.581696"
"603";"673008176";"5";NULL;"2026-05-28";"21";"85";"2026-05-28 17:42:40.838627";"2026-05-28 17:42:40.581760"
"604";"235318";"2";NULL;"2026-05-28";"21";"85";"2026-05-28 17:42:40.838627";"2026-05-28 17:42:40.582008"
"605";"188814";"19";NULL;"2026-05-28";"21";"85";"2026-05-28 17:42:40.838627";"2026-05-28 17:42:40.582135"
"606";"670109550";"1";NULL;"2026-05-28";"21";"85";"2026-05-28 17:42:40.838627";"2026-05-28 17:42:40.582508"
"607";"673003167";"1";NULL;"2026-05-28";"21";"85";"2026-05-28 17:42:40.838627";"2026-05-28 17:42:40.582670"
"608";"670157340";"4";NULL;"2026-05-28";"21";"85";"2026-05-28 17:42:40.838627";"2026-05-28 17:42:40.583045"
"609";"940001309";"20";NULL;"2026-05-28";"21";"85";"2026-05-28 17:42:40.838627";"2026-05-28 17:42:40.583212"
"610";"673006969";"1";NULL;"2026-05-28";"21";"85";"2026-05-28 17:42:40.838627";"2026-05-28 17:42:40.583277"
"611";"940001314";"1";NULL;"2026-05-28";"21";"85";"2026-05-28 17:42:40.838627";"2026-05-28 17:42:40.583344"
"612";"675001832";"1";NULL;"2026-05-28";"21";"85";"2026-05-28 17:42:40.838627";"2026-05-28 17:42:40.583460"
"613";"670035427";"14";NULL;"2026-05-28";"21";"85";"2026-05-28 17:42:40.838627";"2026-05-28 17:42:40.583559"
"614";"673008232";"1";NULL;"2026-05-28";"21";"85";"2026-05-28 17:42:40.838627";"2026-05-28 17:42:40.583598"
"615";"670035428";"8";NULL;"2026-05-28";"21";"85";"2026-05-28 17:42:40.838627";"2026-05-28 17:42:40.583633"
"616";"192637";"8";NULL;"2026-05-28";"21";"85";"2026-05-28 17:42:40.838627";"2026-05-28 17:42:40.583702"
"617";"60608165";"2";NULL;"2026-05-28";"21";"85";"2026-05-28 17:42:40.838627";"2026-05-28 17:42:40.583745"
"618";"670035432";"8";NULL;"2026-05-28";"21";"85";"2026-05-28 17:42:40.838627";"2026-05-28 17:42:40.583785"
"619";"670035433";"3";NULL;"2026-05-28";"21";"85";"2026-05-28 17:42:40.838627";"2026-05-28 17:42:40.583823"
"620";"675000585";"16";NULL;"2026-05-28";"21";"85";"2026-05-28 17:42:40.838627";"2026-05-28 17:42:40.583918"
"621";"670215189";"2";NULL;"2026-05-28";"21";"85";"2026-05-28 17:42:40.838627";"2026-05-28 17:42:40.583975"
"622";"670301926";"1";NULL;"2026-05-28";"21";"85";"2026-05-28 17:42:40.838627";"2026-05-28 17:42:40.584038"
"623";"675000592";"2";NULL;"2026-05-28";"21";"85";"2026-05-28 17:42:40.838627";"2026-05-28 17:42:40.584099"
"624";"231620";"5";NULL;"2026-05-28";"21";"85";"2026-05-28 17:42:40.838627";"2026-05-28 17:42:40.584311"
"625";"670157377";"1";NULL;"2026-05-28";"21";"85";"2026-05-28 17:42:40.838627";"2026-05-28 17:42:40.584376"
"626";"675000599";"1";NULL;"2026-05-28";"21";"85";"2026-05-28 17:42:40.838627";"2026-05-28 17:42:40.584492"
"627";"670157381";"1";NULL;"2026-05-28";"21";"85";"2026-05-28 17:42:40.838627";"2026-05-28 17:42:40.584793"
"628";"675000608";"7";NULL;"2026-05-28";"21";"85";"2026-05-28 17:42:40.838627";"2026-05-28 17:42:40.584896"
"629";"279398";"1";NULL;"2026-05-28";"21";"85";"2026-05-28 17:42:40.838627";"2026-05-28 17:42:40.584960"
"630";"675000609";"70";NULL;"2026-05-28";"21";"85";"2026-05-28 17:42:40.838627";"2026-05-28 17:42:40.585019"
"631";"673012038";"2";NULL;"2026-05-28";"21";"85";"2026-05-28 17:42:40.838627";"2026-05-28 17:42:40.585202"
"632";"673012039";"2";NULL;"2026-05-28";"21";"85";"2026-05-28 17:42:40.838627";"2026-05-28 17:42:40.585310"
"633";"673012040";"2";NULL;"2026-05-28";"21";"85";"2026-05-28 17:42:40.838627";"2026-05-28 17:42:40.585418"
"634";"673012041";"5";NULL;"2026-05-28";"21";"85";"2026-05-28 17:42:40.838627";"2026-05-28 17:42:40.585477"
"635";"673012042";"2";NULL;"2026-05-28";"21";"85";"2026-05-28 17:42:40.838627";"2026-05-28 17:42:40.585535"
"636";"670001528";"1";NULL;"2026-05-28";"21";"85";"2026-05-28 17:42:40.838627";"2026-05-28 17:42:40.585604"
"637";"673012044";"2";NULL;"2026-05-28";"21";"85";"2026-05-28 17:42:40.838627";"2026-05-28 17:42:40.585711"
"638";"670006560";"1";NULL;"2026-05-28";"21";"85";"2026-05-28 17:42:40.838627";"2026-05-28 17:42:40.585895"
"639";"673015820";"1";NULL;"2026-05-28";"21";"85";"2026-05-28 17:42:40.838627";"2026-05-28 17:42:40.586081"
"640";"670161180";"26";NULL;"2026-05-28";"21";"85";"2026-05-28 17:42:40.838627";"2026-05-28 17:42:40.586279"
"641";"670001545";"14";NULL;"2026-05-28";"21";"85";"2026-05-28 17:42:40.838627";"2026-05-28 17:42:40.586449"
"642";"670032970";"2";NULL;"2026-05-28";"21";"85";"2026-05-28 17:42:40.838627";"2026-05-28 17:42:40.586512"
"643";"670002806";"23";NULL;"2026-05-28";"21";"85";"2026-05-28 17:42:40.838627";"2026-05-28 17:42:40.586612"
"644";"673013332";"14";NULL;"2026-05-28";"21";"85";"2026-05-28 17:42:40.838627";"2026-05-28 17:42:40.586844"
"645";"673015847";"1";NULL;"2026-05-28";"21";"85";"2026-05-28 17:42:40.838627";"2026-05-28 17:42:40.587047"
"646";"673014598";"8";NULL;"2026-05-28";"21";"85";"2026-05-28 17:42:40.838627";"2026-05-28 17:42:40.587343"
"647";"675000658";"21";NULL;"2026-05-28";"21";"85";"2026-05-28 17:42:40.838627";"2026-05-28 17:42:40.587386"
"648";"670009112";"11";NULL;"2026-05-28";"21";"85";"2026-05-28 17:42:40.838627";"2026-05-28 17:42:40.587478"
"649";"675001916";"11";NULL;"2026-05-28";"21";"85";"2026-05-28 17:42:40.838627";"2026-05-28 17:42:40.587517"
"650";"670007857";"1";NULL;"2026-05-28";"21";"85";"2026-05-28 17:42:40.838627";"2026-05-28 17:42:40.587588"
"651";"673014605";"10";NULL;"2026-05-28";"21";"85";"2026-05-28 17:42:40.838627";"2026-05-28 17:42:40.587682"
"652";"980139930";"1";NULL;"2026-05-28";"21";"85";"2026-05-28 17:42:40.838627";"2026-05-28 17:42:40.587777"
"653";"940001408";"10";NULL;"2026-05-28";"21";"85";"2026-05-28 17:42:40.838627";"2026-05-28 17:42:40.587841"
"654";"673007068";"1";NULL;"2026-05-28";"21";"85";"2026-05-28 17:42:40.838627";"2026-05-28 17:42:40.587941"
"655";"670006613";"1";NULL;"2026-05-28";"21";"85";"2026-05-28 17:42:40.838627";"2026-05-28 17:42:40.587996"
"656";"940001414";"1";NULL;"2026-05-28";"21";"85";"2026-05-28 17:42:40.838627";"2026-05-28 17:42:40.588052"
"657";"670298244";"6";NULL;"2026-05-28";"21";"85";"2026-05-28 17:42:40.838627";"2026-05-28 17:42:40.588351"
"658";"673013367";"1";NULL;"2026-05-28";"21";"85";"2026-05-28 17:42:40.838627";"2026-05-28 17:42:40.588508"
"659";"670002853";"12";NULL;"2026-05-28";"21";"85";"2026-05-28 17:42:40.838627";"2026-05-28 17:42:40.588616"
"660";"670002854";"11";NULL;"2026-05-28";"21";"85";"2026-05-28 17:42:40.838627";"2026-05-28 17:42:40.588674"
"661";"670118499";"1";NULL;"2026-05-28";"21";"85";"2026-05-28 17:42:40.838627";"2026-05-28 17:42:40.588793"
"662";"675001945";"1";NULL;"2026-05-28";"21";"85";"2026-05-28 17:42:40.838627";"2026-05-28 17:42:40.588894"
"663";"675000691";"3";NULL;"2026-05-28";"21";"85";"2026-05-28 17:42:40.838627";"2026-05-28 17:42:40.588998"
"664";"670031771";"7";NULL;"2026-05-28";"21";"85";"2026-05-28 17:42:40.838627";"2026-05-28 17:42:40.589057"
"665";"670001608";"1";NULL;"2026-05-28";"21";"85";"2026-05-28 17:42:40.838627";"2026-05-28 17:42:40.589240"
"666";"670001609";"1";NULL;"2026-05-28";"21";"85";"2026-05-28 17:42:40.838627";"2026-05-28 17:42:40.589302"
"667";"670004125";"2";NULL;"2026-05-28";"21";"85";"2026-05-28 17:42:40.838627";"2026-05-28 17:42:40.589405"
"668";"673002077";"1";NULL;"2026-05-28";"21";"85";"2026-05-28 17:42:40.838627";"2026-05-28 17:42:40.589798"
"669";"670002889";"11";NULL;"2026-05-28";"21";"85";"2026-05-28 17:42:40.838627";"2026-05-28 17:42:40.590402"
"670";"675001978";"12";NULL;"2026-05-28";"21";"85";"2026-05-28 17:42:40.838627";"2026-05-28 17:42:40.590466"
"671";"289571";"18";NULL;"2026-05-28";"21";"85";"2026-05-28 17:42:40.838627";"2026-05-28 17:42:40.590750"
"672";"670220367";"9";NULL;"2026-05-28";"21";"85";"2026-05-28 17:42:40.838627";"2026-05-28 17:42:40.590922"
"673";"670005426";"1";NULL;"2026-05-28";"21";"85";"2026-05-28 17:42:40.838627";"2026-05-28 17:42:40.591121"
"674";"670002916";"1";NULL;"2026-05-28";"21";"85";"2026-05-28 17:42:40.838627";"2026-05-28 17:42:40.591253"
"675";"670009201";"5";NULL;"2026-05-28";"21";"85";"2026-05-28 17:42:40.838627";"2026-05-28 17:42:40.591293"
"676";"670214095";"1";NULL;"2026-05-28";"21";"85";"2026-05-28 17:42:40.838627";"2026-05-28 17:42:40.591361"
"677";"670217883";"8";NULL;"2026-05-28";"21";"85";"2026-05-28 17:42:40.838627";"2026-05-28 17:42:40.591663"
"678";"670009222";"1";NULL;"2026-05-28";"21";"85";"2026-05-28 17:42:40.838627";"2026-05-28 17:42:40.591703"
"679";"670106013";"3";NULL;"2026-05-28";"21";"85";"2026-05-28 17:42:40.838627";"2026-05-28 17:42:40.591799"
"680";"670162594";"5";NULL;"2026-05-28";"21";"85";"2026-05-28 17:42:40.838627";"2026-05-28 17:42:40.592077"
"681";"670162595";"4";NULL;"2026-05-28";"21";"85";"2026-05-28 17:42:40.838627";"2026-05-28 17:42:40.592212"
"682";"900027671";"1";NULL;"2026-05-28";"21";"85";"2026-05-28 17:42:40.838627";"2026-05-28 17:42:40.592272"
"683";"670038175";"4";NULL;"2026-05-28";"21";"85";"2026-05-28 17:42:40.838627";"2026-05-28 17:42:40.593022"
"684";"675002068";"1";NULL;"2026-05-28";"21";"85";"2026-05-28 17:42:40.838627";"2026-05-28 17:42:40.593081"
"685";"940000295";"1";NULL;"2026-05-28";"21";"85";"2026-05-28 17:42:40.838627";"2026-05-28 17:42:40.593207"
"686";"295948";"15";NULL;"2026-05-28";"21";"85";"2026-05-28 17:42:40.838627";"2026-05-28 17:42:40.593370"
"687";"675000818";"6";NULL;"2026-05-28";"21";"85";"2026-05-28 17:42:40.838627";"2026-05-28 17:42:40.593431"
"688";"940001565";"1";NULL;"2026-05-28";"21";"85";"2026-05-28 17:42:40.838627";"2026-05-28 17:42:40.593648"
"689";"670107328";"1";NULL;"2026-05-28";"21";"85";"2026-05-28 17:42:40.838627";"2026-05-28 17:42:40.593819"
"690";"673007228";"1";NULL;"2026-05-28";"21";"85";"2026-05-28 17:42:40.838627";"2026-05-28 17:42:40.593882"
"691";"255738";"7";NULL;"2026-05-28";"21";"85";"2026-05-28 17:42:40.838627";"2026-05-28 17:42:40.594030"
"692";"940001573";"1";NULL;"2026-05-28";"21";"85";"2026-05-28 17:42:40.838627";"2026-05-28 17:42:40.594182"
"693";"940001574";"1";NULL;"2026-05-28";"21";"85";"2026-05-28 17:42:40.838627";"2026-05-28 17:42:40.594365"
"694";"670053282";"5";NULL;"2026-05-28";"21";"85";"2026-05-28 17:42:40.838627";"2026-05-28 17:42:40.594435"
"695";"940001575";"2";NULL;"2026-05-28";"21";"85";"2026-05-28 17:42:40.838627";"2026-05-28 17:42:40.594488"
"696";"205468";"5";NULL;"2026-05-28";"21";"85";"2026-05-28 17:42:40.838627";"2026-05-28 17:42:40.594662"
"697";"214271";"2";NULL;"2026-05-28";"21";"85";"2026-05-28 17:42:40.838627";"2026-05-28 17:42:40.594782"
"698";"673011017";"2";NULL;"2026-05-28";"21";"85";"2026-05-28 17:42:40.838627";"2026-05-28 17:42:40.594846"
"699";"673009765";"2";NULL;"2026-05-28";"21";"85";"2026-05-28 17:42:40.838627";"2026-05-28 17:42:40.595080"
"700";"940001596";"2";NULL;"2026-05-28";"21";"85";"2026-05-28 17:42:40.838627";"2026-05-28 17:42:40.595277"
"701";"771134";"3";NULL;"2026-05-28";"21";"85";"2026-05-28 17:42:40.838627";"2026-05-28 17:42:40.595340"
"702";"940000358";"33";NULL;"2026-05-28";"21";"85";"2026-05-28 17:42:40.838627";"2026-05-28 17:42:40.595949"
"703";"670161425";"1";NULL;"2026-05-28";"21";"85";"2026-05-28 17:42:40.838627";"2026-05-28 17:42:40.596016"
"704";"673012302";"3";NULL;"2026-05-28";"21";"85";"2026-05-28 17:42:40.838627";"2026-05-28 17:42:40.596250"
"705";"673012303";"2";NULL;"2026-05-28";"21";"85";"2026-05-28 17:42:40.838627";"2026-05-28 17:42:40.596310"
"706";"673012304";"3";NULL;"2026-05-28";"21";"85";"2026-05-28 17:42:40.838627";"2026-05-28 17:42:40.596464"
"707";"673007276";"1";NULL;"2026-05-28";"21";"85";"2026-05-28 17:42:40.838627";"2026-05-28 17:42:40.596530"
"708";"673012305";"3";NULL;"2026-05-28";"21";"85";"2026-05-28 17:42:40.838627";"2026-05-28 17:42:40.596602"
"709";"670303478";"1";NULL;"2026-05-28";"21";"85";"2026-05-28 17:42:40.838627";"2026-05-28 17:42:40.596844"
"710";"670031970";"1";NULL;"2026-05-28";"21";"85";"2026-05-28 17:42:40.838627";"2026-05-28 17:42:40.597154"
"711";"10261860";"72";NULL;"2026-05-28";"21";"85";"2026-05-28 17:42:40.838627";"2026-05-28 17:42:40.597563"
"712";"670006846";"2";NULL;"2026-05-28";"21";"85";"2026-05-28 17:42:40.838627";"2026-05-28 17:42:40.598245"
"713";"270901";"1";NULL;"2026-05-28";"21";"85";"2026-05-28 17:42:40.838627";"2026-05-28 17:42:40.598534"
"714";"675000925";"5";NULL;"2026-05-28";"21";"85";"2026-05-28 17:42:40.838627";"2026-05-28 17:42:40.598822"
"715";"673011099";"5";NULL;"2026-05-28";"21";"85";"2026-05-28 17:42:40.838627";"2026-05-28 17:42:40.599109"
"716";"675000934";"20";NULL;"2026-05-28";"21";"85";"2026-05-28 17:42:40.838627";"2026-05-28 17:42:40.599267"
"717";"670008130";"1";NULL;"2026-05-28";"21";"85";"2026-05-28 17:42:40.838627";"2026-05-28 17:42:40.599342"
"718";"675000935";"1";NULL;"2026-05-28";"21";"85";"2026-05-28 17:42:40.838627";"2026-05-28 17:42:40.599406"
"719";"670033286";"1";NULL;"2026-05-28";"21";"85";"2026-05-28 17:42:40.838627";"2026-05-28 17:42:40.599974"
"720";"673012377";"3";NULL;"2026-05-28";"21";"85";"2026-05-28 17:42:40.838627";"2026-05-28 17:42:40.600099"
"721";"673001064";"2";NULL;"2026-05-28";"21";"85";"2026-05-28 17:42:40.838627";"2026-05-28 17:42:40.600167"
"722";"673012381";"1";NULL;"2026-05-28";"21";"85";"2026-05-28 17:42:40.838627";"2026-05-28 17:42:40.600313"
"723";"673012382";"2";NULL;"2026-05-28";"21";"85";"2026-05-28 17:42:40.838627";"2026-05-28 17:42:40.600435"
"724";"673012383";"1";NULL;"2026-05-28";"21";"85";"2026-05-28 17:42:40.838627";"2026-05-28 17:42:40.600494"
"725";"670160251";"1";NULL;"2026-05-28";"21";"85";"2026-05-28 17:42:40.838627";"2026-05-28 17:42:40.600553"
"726";"670003130";"1";NULL;"2026-05-28";"21";"85";"2026-05-28 17:42:40.838627";"2026-05-28 17:42:40.600702"
"727";"673013657";"4";NULL;"2026-05-28";"21";"85";"2026-05-28 17:42:40.838627";"2026-05-28 17:42:40.601008"
"728";"675000977";"1";NULL;"2026-05-28";"21";"85";"2026-05-28 17:42:40.838627";"2026-05-28 17:42:40.601069"
"729";"670296027";"3";NULL;"2026-05-28";"21";"85";"2026-05-28 17:42:40.838627";"2026-05-28 17:42:40.601126"
"730";"670109996";"1";NULL;"2026-05-28";"21";"85";"2026-05-28 17:42:40.838627";"2026-05-28 17:42:40.601358"
"731";"203102";"14";NULL;"2026-05-28";"21";"85";"2026-05-28 17:42:40.838627";"2026-05-28 17:42:40.601523"
"732";"670030813";"1";NULL;"2026-05-28";"21";"85";"2026-05-28 17:42:40.838627";"2026-05-28 17:42:40.601590"
"733";"670086123";"1";NULL;"2026-05-28";"21";"85";"2026-05-28 17:42:40.838627";"2026-05-28 17:42:40.601699"
"734";"306181";"1";NULL;"2026-05-28";"21";"85";"2026-05-28 17:42:40.838627";"2026-05-28 17:42:40.601758"
"735";"673007394";"2";NULL;"2026-05-28";"21";"85";"2026-05-28 17:42:40.838627";"2026-05-28 17:42:40.601820"
"736";"673007397";"1";NULL;"2026-05-28";"21";"85";"2026-05-28 17:42:40.838627";"2026-05-28 17:42:40.601878"
"737";"673002372";"4";NULL;"2026-05-28";"21";"85";"2026-05-28 17:42:40.838627";"2026-05-28 17:42:40.602086"
"738";"673012431";"1";NULL;"2026-05-28";"21";"85";"2026-05-28 17:42:40.838627";"2026-05-28 17:42:40.602189"
"739";"670198009";"1";NULL;"2026-05-28";"21";"85";"2026-05-28 17:42:40.838627";"2026-05-28 17:42:40.602250"
"740";"940000493";"3";NULL;"2026-05-28";"21";"85";"2026-05-28 17:42:40.838627";"2026-05-28 17:42:40.602365"
"741";"670004437";"1";NULL;"2026-05-28";"21";"85";"2026-05-28 17:42:40.838627";"2026-05-28 17:42:40.602469"
"742";"670037119";"2";NULL;"2026-05-28";"21";"85";"2026-05-28 17:42:40.838627";"2026-05-28 17:42:40.602526"
"743";"670106265";"1";NULL;"2026-05-28";"21";"85";"2026-05-28 17:42:40.838627";"2026-05-28 17:42:40.602914"
"744";"675002290";"12";NULL;"2026-05-28";"21";"85";"2026-05-28 17:42:40.838627";"2026-05-28 17:42:40.603310"
"745";"675001037";"4";NULL;"2026-05-28";"21";"85";"2026-05-28 17:42:40.838627";"2026-05-28 17:42:40.603499"
"746";"239616";"2";NULL;"2026-05-28";"21";"85";"2026-05-28 17:42:40.838627";"2026-05-28 17:42:40.604157"
"747";"240875";"1";NULL;"2026-05-28";"21";"85";"2026-05-28 17:42:40.838627";"2026-05-28 17:42:40.604298"
"748";"282368";"1";NULL;"2026-05-28";"21";"85";"2026-05-28 17:42:40.838627";"2026-05-28 17:42:40.604576"
"749";"670161622";"4";NULL;"2026-05-28";"21";"85";"2026-05-28 17:42:40.838627";"2026-05-28 17:42:40.604818"
"750";"673011242";"2";NULL;"2026-05-28";"21";"85";"2026-05-28 17:42:40.838627";"2026-05-28 17:42:40.604927"
"751";"670161624";"4";NULL;"2026-05-28";"21";"85";"2026-05-28 17:42:40.838627";"2026-05-28 17:42:40.604987"
"752";"2018103";"2";NULL;"2026-05-28";"21";"85";"2026-05-28 17:42:40.838627";"2026-05-28 17:42:40.605400"
"753";"670181751";"1";NULL;"2026-05-28";"21";"85";"2026-05-28 17:42:40.838627";"2026-05-28 17:42:40.605675"
"754";"673011258";"1";NULL;"2026-05-28";"21";"85";"2026-05-28 17:42:40.838627";"2026-05-28 17:42:40.605734"
"755";"670098798";"1";NULL;"2026-05-28";"21";"85";"2026-05-28 17:42:40.838627";"2026-05-28 17:42:40.606114"
"756";"940000587";"2";NULL;"2026-05-28";"21";"85";"2026-05-28 17:42:40.838627";"2026-05-28 17:42:40.606230"
"757";"940000589";"1";NULL;"2026-05-28";"21";"85";"2026-05-28 17:42:40.838627";"2026-05-28 17:42:40.606339"
"758";"670219478";"5";NULL;"2026-05-28";"21";"85";"2026-05-28 17:42:40.838627";"2026-05-28 17:42:40.606407"
"759";"940000591";"1";NULL;"2026-05-28";"21";"85";"2026-05-28 17:42:40.838627";"2026-05-28 17:42:40.606635"
"760";"673013794";"1";NULL;"2026-05-28";"21";"85";"2026-05-28 17:42:40.838627";"2026-05-28 17:42:40.606850"
"761";"670030934";"2";NULL;"2026-05-28";"21";"85";"2026-05-28 17:42:40.838627";"2026-05-28 17:42:40.606914"
"762";"670030935";"6";NULL;"2026-05-28";"21";"85";"2026-05-28 17:42:40.838627";"2026-05-28 17:42:40.607079"
"763";"670030936";"2";NULL;"2026-05-28";"21";"85";"2026-05-28 17:42:40.838627";"2026-05-28 17:42:40.607141"
"764";"670159150";"7";NULL;"2026-05-28";"21";"85";"2026-05-28 17:42:40.838627";"2026-05-28 17:42:40.607203"
"765";"673003748";"2";NULL;"2026-05-28";"21";"85";"2026-05-28 17:42:40.838627";"2026-05-28 17:42:40.607518"
"766";"127816";"9";NULL;"2026-05-28";"21";"85";"2026-05-28 17:42:40.838627";"2026-05-28 17:42:40.607587"
"767";"670037235";"7";NULL;"2026-05-28";"21";"85";"2026-05-28 17:42:40.838627";"2026-05-28 17:42:40.607691"
"768";"228411";"2";NULL;"2026-05-28";"21";"85";"2026-05-28 17:42:40.838627";"2026-05-28 17:42:40.608400"
"769";"670299984";"1";NULL;"2026-05-28";"21";"85";"2026-05-28 17:42:40.838627";"2026-05-28 17:42:40.608528"
"770";"670215766";"1";NULL;"2026-05-28";"21";"85";"2026-05-28 17:42:40.838627";"2026-05-28 17:42:40.608623"
"771";"675001165";"2";NULL;"2026-05-28";"21";"85";"2026-05-28 17:42:40.838627";"2026-05-28 17:42:40.608738"
"772";"68549224";"1";NULL;"2026-05-28";"21";"85";"2026-05-28 17:42:40.838627";"2026-05-28 17:42:40.608896"
"773";"673007580";"1";NULL;"2026-05-28";"21";"85";"2026-05-28 17:42:40.838627";"2026-05-28 17:42:40.609152"
"774";"670354054";"1";NULL;"2026-05-28";"21";"85";"2026-05-28 17:42:40.838627";"2026-05-28 17:42:40.609278"
"775";"670354056";"1";NULL;"2026-05-28";"21";"85";"2026-05-28 17:42:40.838627";"2026-05-28 17:42:40.609391"
"776";"311401";"55";NULL;"2026-05-28";"21";"85";"2026-05-28 17:42:40.838627";"2026-05-28 17:42:40.609504"
"777";"675001188";"2";NULL;"2026-05-28";"21";"85";"2026-05-28 17:42:40.838627";"2026-05-28 17:42:40.609611"
"778";"675001189";"2";NULL;"2026-05-28";"21";"85";"2026-05-28 17:42:40.838627";"2026-05-28 17:42:40.609775"
"779";"675001195";"1";NULL;"2026-05-28";"21";"85";"2026-05-28 17:42:40.838627";"2026-05-28 17:42:40.610119"
"780";"923570";"1";NULL;"2026-05-28";"21";"85";"2026-05-28 17:42:40.838627";"2026-05-28 17:42:40.610322"
"781";"670007137";"4";NULL;"2026-05-28";"21";"85";"2026-05-28 17:42:40.838627";"2026-05-28 17:42:40.610567"
"782";"2018227";"1";NULL;"2026-05-28";"21";"85";"2026-05-28 17:42:40.838627";"2026-05-28 17:42:40.610834"
"783";"670220835";"1";NULL;"2026-05-28";"21";"85";"2026-05-28 17:42:40.838627";"2026-05-28 17:42:40.611056"
"784";"2018229";"1";NULL;"2026-05-28";"21";"85";"2026-05-28 17:42:40.838627";"2026-05-28 17:42:40.611190"
"785";"183221";"2";NULL;"2026-05-28";"21";"85";"2026-05-28 17:42:40.838627";"2026-05-28 17:42:40.611557"
"786";"940000706";"1";NULL;"2026-05-28";"21";"85";"2026-05-28 17:42:40.838627";"2026-05-28 17:42:40.611692"
"787";"940000707";"1";NULL;"2026-05-28";"21";"85";"2026-05-28 17:42:40.838627";"2026-05-28 17:42:40.611886"
"788";"670149207";"1";NULL;"2026-05-28";"21";"85";"2026-05-28 17:42:40.838627";"2026-05-28 17:42:40.612025"
"789";"940000711";"1";NULL;"2026-05-28";"21";"85";"2026-05-28 17:42:40.838627";"2026-05-28 17:42:40.612097"
"790";"940000712";"1";NULL;"2026-05-28";"21";"85";"2026-05-28 17:42:40.838627";"2026-05-28 17:42:40.612225"
"791";"670194468";"1";NULL;"2026-05-28";"21";"85";"2026-05-28 17:42:40.838627";"2026-05-28 17:42:40.612463"
"792";"670013463";"1";NULL;"2026-05-28";"21";"85";"2026-05-28 17:42:40.838627";"2026-05-28 17:42:40.612643"
"793";"670156762";"6";NULL;"2026-05-28";"21";"85";"2026-05-28 17:42:40.838627";"2026-05-28 17:42:40.612716"
"794";"670053696";"12";NULL;"2026-05-28";"21";"85";"2026-05-28 17:42:40.838627";"2026-05-28 17:42:40.613097"
"795";"670017263";"1";NULL;"2026-05-28";"21";"85";"2026-05-28 17:42:40.838627";"2026-05-28 17:42:40.613565"
"796";"940000759";"3";NULL;"2026-05-28";"21";"85";"2026-05-28 17:42:40.838627";"2026-05-28 17:42:40.613980"
"797";"940000760";"2";NULL;"2026-05-28";"21";"85";"2026-05-28 17:42:40.838627";"2026-05-28 17:42:40.614177"
"798";"675000020";"4";NULL;"2026-05-28";"21";"85";"2026-05-28 17:42:40.838627";"2026-05-28 17:42:40.614247"
"799";"310235";"24";NULL;"2026-05-28";"21";"85";"2026-05-28 17:42:40.838627";"2026-05-28 17:42:40.614319"
"800";"940000762";"2";NULL;"2026-05-28";"21";"85";"2026-05-28 17:42:40.838627";"2026-05-28 17:42:40.614449"
"801";"940000763";"2";NULL;"2026-05-28";"21";"85";"2026-05-28 17:42:40.838627";"2026-05-28 17:42:40.614575"
"802";"675000023";"1";NULL;"2026-05-28";"21";"85";"2026-05-28 17:42:40.838627";"2026-05-28 17:42:40.614661"
"803";"940000765";"11";NULL;"2026-05-28";"21";"85";"2026-05-28 17:42:40.838627";"2026-05-28 17:42:40.614741"
"804";"675000034";"2";NULL;"2026-05-28";"21";"85";"2026-05-28 17:42:40.838627";"2026-05-28 17:42:40.615222"
"805";"223516";"1";NULL;"2026-05-28";"21";"85";"2026-05-28 17:42:40.838627";"2026-05-28 17:42:40.615297"
"806";"670149277";"1";NULL;"2026-05-28";"21";"85";"2026-05-28 17:42:40.838627";"2026-05-28 17:42:40.615346"
"807";"670017293";"6";NULL;"2026-05-28";"21";"85";"2026-05-28 17:42:40.838627";"2026-05-28 17:42:40.615423"
"808";"670296351";"1";NULL;"2026-05-28";"21";"85";"2026-05-28 17:42:40.838627";"2026-05-28 17:42:40.615547"
"809";"670107802";"2";NULL;"2026-05-28";"21";"85";"2026-05-28 17:42:40.838627";"2026-05-28 17:42:40.615591"
"810";"670107803";"2";NULL;"2026-05-28";"21";"85";"2026-05-28 17:42:40.838627";"2026-05-28 17:42:40.615636"
"811";"675000047";"6";NULL;"2026-05-28";"21";"85";"2026-05-28 17:42:40.838627";"2026-05-28 17:42:40.615681"
"812";"670013530";"3";NULL;"2026-05-28";"21";"85";"2026-05-28 17:42:40.838627";"2026-05-28 17:42:40.615755"
"813";"670051258";"2";NULL;"2026-05-28";"21";"85";"2026-05-28 17:42:40.838627";"2026-05-28 17:42:40.616337"
"814";"940000813";"1";NULL;"2026-05-28";"21";"85";"2026-05-28 17:42:40.838627";"2026-05-28 17:42:40.616416"
"815";"670032414";"4";NULL;"2026-05-28";"21";"85";"2026-05-28 17:42:40.838627";"2026-05-28 17:42:40.616899"
"816";"670222221";"1";NULL;"2026-05-28";"21";"85";"2026-05-28 17:42:40.838627";"2026-05-28 17:42:40.616977"
"817";"675000082";"35";NULL;"2026-05-28";"21";"85";"2026-05-28 17:42:40.838627";"2026-05-28 17:42:40.617309"
"818";"670009802";"4";NULL;"2026-05-28";"21";"85";"2026-05-28 17:42:40.838627";"2026-05-28 17:42:40.617844"
"819";"675000095";"1";NULL;"2026-05-28";"21";"85";"2026-05-28 17:42:40.838627";"2026-05-28 17:42:40.617966"
"820";"223577";"5";NULL;"2026-05-28";"21";"85";"2026-05-28 17:42:40.838627";"2026-05-28 17:42:40.618032"
"821";"330424";"4";NULL;"2026-05-28";"21";"85";"2026-05-28 17:42:40.838627";"2026-05-28 17:42:40.618258"
"822";"940000847";"1";NULL;"2026-05-28";"21";"85";"2026-05-28 17:42:40.838627";"2026-05-28 17:42:40.618970"
"823";"670053816";"16";NULL;"2026-05-28";"21";"85";"2026-05-28 17:42:40.838627";"2026-05-28 17:42:40.619248"
"824";"670149353";"4";NULL;"2026-05-28";"21";"85";"2026-05-28 17:42:40.838627";"2026-05-28 17:42:40.619395"
"825";"673000229";"1";NULL;"2026-05-28";"21";"85";"2026-05-28 17:42:40.838627";"2026-05-28 17:42:40.619439"
"826";"675000119";"1";NULL;"2026-05-28";"21";"85";"2026-05-28 17:42:40.838627";"2026-05-28 17:42:40.619511"
"827";"675000121";"5";NULL;"2026-05-28";"21";"85";"2026-05-28 17:42:40.838627";"2026-05-28 17:42:40.619607"
"828";"940000861";"1";NULL;"2026-05-28";"21";"85";"2026-05-28 17:42:40.838627";"2026-05-28 17:42:40.619694"
"829";"675000122";"6";NULL;"2026-05-28";"21";"85";"2026-05-28 17:42:40.838627";"2026-05-28 17:42:40.619771"
"830";"673009035";"1";NULL;"2026-05-28";"21";"85";"2026-05-28 17:42:40.838627";"2026-05-28 17:42:40.619852"
"831";"675000123";"11";NULL;"2026-05-28";"21";"85";"2026-05-28 17:42:40.838627";"2026-05-28 17:42:40.619914"
"832";"675000124";"3";NULL;"2026-05-28";"21";"85";"2026-05-28 17:42:40.838627";"2026-05-28 17:42:40.619981"
"833";"675000127";"1";NULL;"2026-05-28";"21";"85";"2026-05-28 17:42:40.838627";"2026-05-28 17:42:40.620232"
"834";"670204673";"2";NULL;"2026-05-28";"21";"85";"2026-05-28 17:42:40.838627";"2026-05-28 17:42:40.620415"
"835";"670215990";"1";NULL;"2026-05-28";"21";"85";"2026-05-28 17:42:40.838627";"2026-05-28 17:42:40.620600"
"836";"287722";"6";NULL;"2026-05-28";"21";"85";"2026-05-28 17:42:40.838627";"2026-05-28 17:42:40.620729"
"837";"670109149";"2";NULL;"2026-05-28";"21";"85";"2026-05-28 17:42:40.838627";"2026-05-28 17:42:40.620891"
"838";"673011564";"3";NULL;"2026-05-28";"21";"85";"2026-05-28 17:42:40.838627";"2026-05-28 17:42:40.621052"
"839";"675000138";"5";NULL;"2026-05-28";"21";"85";"2026-05-28 17:42:40.838627";"2026-05-28 17:42:40.621179"
"840";"675000145";"2";NULL;"2026-05-28";"21";"85";"2026-05-28 17:42:40.838627";"2026-05-28 17:42:40.621376"
"841";"670160696";"1";NULL;"2026-05-28";"21";"85";"2026-05-28 17:42:40.838627";"2026-05-28 17:42:40.621446"
"842";"675000150";"2";NULL;"2026-05-28";"21";"85";"2026-05-28 17:42:40.838627";"2026-05-28 17:42:40.621607"
"843";"980157012";"1";NULL;"2026-05-28";"21";"85";"2026-05-28 17:42:40.838627";"2026-05-28 17:42:40.621677"
"844";"673010320";"1";NULL;"2026-05-28";"21";"85";"2026-05-28 17:42:40.838627";"2026-05-28 17:42:40.621901"
"845";"670174532";"1";NULL;"2026-05-28";"21";"85";"2026-05-28 17:42:40.838627";"2026-05-28 17:42:40.622155"
"846";"670316573";"1";NULL;"2026-05-28";"21";"85";"2026-05-28 17:42:40.838627";"2026-05-28 17:42:40.622225"
"847";"670153175";"1";NULL;"2026-05-28";"21";"85";"2026-05-28 17:42:40.838627";"2026-05-28 17:42:40.622822"
"848";"670066443";"1";NULL;"2026-05-28";"21";"85";"2026-05-28 17:42:40.838627";"2026-05-28 17:42:40.622971"
"849";"670035019";"8";NULL;"2026-05-28";"21";"85";"2026-05-28 17:42:40.838627";"2026-05-28 17:42:40.623108"
"850";"670066444";"1";NULL;"2026-05-28";"21";"85";"2026-05-28 17:42:40.838627";"2026-05-28 17:42:40.623179"
"851";"670066445";"1";NULL;"2026-05-28";"21";"85";"2026-05-28 17:42:40.838627";"2026-05-28 17:42:40.623261"
"852";"670107927";"3";NULL;"2026-05-28";"21";"85";"2026-05-28 17:42:40.838627";"2026-05-28 17:42:40.623334"
"853";"670302762";"1";NULL;"2026-05-28";"21";"85";"2026-05-28 17:42:40.838627";"2026-05-28 17:42:40.623406"
"854";"980145731";"4";NULL;"2026-05-28";"21";"85";"2026-05-28 17:42:40.838627";"2026-05-28 17:42:40.623820"
"855";"670007383";"1";NULL;"2026-05-28";"21";"85";"2026-05-28 17:42:40.838627";"2026-05-28 17:42:40.623986"
"856";"675001450";"3";NULL;"2026-05-28";"21";"85";"2026-05-28 17:42:40.838627";"2026-05-28 17:42:40.624173"
"857";"670223601";"1";NULL;"2026-05-28";"21";"85";"2026-05-28 17:42:40.838627";"2026-05-28 17:42:40.624463"
"858";"673012892";"6";NULL;"2026-05-28";"21";"85";"2026-05-28 17:42:40.838627";"2026-05-28 17:42:40.624942"
"859";"271457";"2";NULL;"2026-05-28";"21";"85";"2026-05-28 17:42:40.838627";"2026-05-28 17:42:40.625111"
"860";"104280";"3";NULL;"2026-05-28";"21";"85";"2026-05-28 17:42:40.838627";"2026-05-28 17:42:40.625364"
"861";"673014160";"3";NULL;"2026-05-28";"21";"85";"2026-05-28 17:42:40.838627";"2026-05-28 17:42:40.625578"
"862";"673002855";"2";NULL;"2026-05-28";"21";"85";"2026-05-28 17:42:40.838627";"2026-05-28 17:42:40.625800"
"863";"675000228";"4";NULL;"2026-05-28";"21";"85";"2026-05-28 17:42:40.838627";"2026-05-28 17:42:40.625867"
"864";"675000229";"1";NULL;"2026-05-28";"21";"85";"2026-05-28 17:42:40.838627";"2026-05-28 17:42:40.625981"
"865";"675001491";"1";NULL;"2026-05-28";"21";"85";"2026-05-28 17:42:40.838627";"2026-05-28 17:42:40.626155"
"866";"286570";"7";NULL;"2026-05-28";"21";"85";"2026-05-28 17:42:40.838627";"2026-05-28 17:42:40.626336"
"867";"675001506";"27";NULL;"2026-05-28";"21";"85";"2026-05-28 17:42:40.838627";"2026-05-28 17:42:40.626791"
"868";"675000250";"6";NULL;"2026-05-28";"21";"85";"2026-05-28 17:42:40.838627";"2026-05-28 17:42:40.626860"
"869";"670053958";"3";NULL;"2026-05-28";"21";"85";"2026-05-28 17:42:40.838627";"2026-05-28 17:42:40.627078"
"870";"670154525";"8";NULL;"2026-05-28";"21";"85";"2026-05-28 17:42:40.838627";"2026-05-28 17:42:40.627372"
"871";"243857";"9";NULL;"2026-05-28";"21";"85";"2026-05-28 17:42:40.838627";"2026-05-28 17:42:40.627587"
"872";"673002892";"9";NULL;"2026-05-28";"21";"85";"2026-05-28 17:42:40.838627";"2026-05-28 17:42:40.627632"
"873";"675000265";"11";NULL;"2026-05-28";"21";"85";"2026-05-28 17:42:40.838627";"2026-05-28 17:42:40.627675"
"874";"46328330";"1";NULL;"2026-05-28";"21";"85";"2026-05-28 17:42:40.838627";"2026-05-28 17:42:40.627774"
"875";"11417670";"6";NULL;"2026-05-28";"21";"85";"2026-05-28 17:42:40.838627";"2026-05-28 17:42:40.627817"
"876";"673002895";"5";NULL;"2026-05-28";"21";"85";"2026-05-28 17:42:40.838627";"2026-05-28 17:42:40.627856"
"877";"237593";"1";NULL;"2026-05-28";"21";"85";"2026-05-28 17:42:40.838627";"2026-05-28 17:42:40.628368"
"878";"673001678";"1";NULL;"2026-05-28";"21";"85";"2026-05-28 17:42:40.838627";"2026-05-28 17:42:40.629053"
"879";"673010480";"1";NULL;"2026-05-28";"21";"85";"2026-05-28 17:42:40.838627";"2026-05-28 17:42:40.629289"
"880";"673014258";"1";NULL;"2026-05-28";"21";"85";"2026-05-28 17:42:40.838627";"2026-05-28 17:42:40.629603"
"881";"670101794";"1";NULL;"2026-05-28";"21";"85";"2026-05-28 17:42:40.838627";"2026-05-28 17:42:40.629645"
"882";"675000323";"64";NULL;"2026-05-28";"21";"85";"2026-05-28 17:42:40.838627";"2026-05-28 17:42:40.629684"
"883";"675000324";"20";NULL;"2026-05-28";"21";"85";"2026-05-28 17:42:40.838627";"2026-05-28 17:42:40.629803"
"884";"66855200";"8";NULL;"2026-05-28";"21";"85";"2026-05-28 17:42:40.838627";"2026-05-28 17:42:40.629881"
"885";"670134484";"1";NULL;"2026-05-28";"21";"85";"2026-05-28 17:42:40.838627";"2026-05-28 17:42:40.629955"
"886";"670003762";"1";NULL;"2026-05-28";"21";"85";"2026-05-28 17:42:40.838627";"2026-05-28 17:42:40.630087"
"887";"670005021";"18";NULL;"2026-05-28";"21";"85";"2026-05-28 17:42:40.838627";"2026-05-28 17:42:40.630243"
"888";"673007995";"1";NULL;"2026-05-28";"21";"85";"2026-05-28 17:42:40.838627";"2026-05-28 17:42:40.630284"
"889";"675000341";"6";NULL;"2026-05-28";"21";"85";"2026-05-28 17:42:40.838627";"2026-05-28 17:42:40.630357"
"890";"675000345";"10";NULL;"2026-05-28";"21";"85";"2026-05-28 17:42:40.838627";"2026-05-28 17:42:40.630430"
"891";"673008001";"1";NULL;"2026-05-28";"21";"85";"2026-05-28 17:42:40.838627";"2026-05-28 17:42:40.630475"
"892";"670105601";"10";NULL;"2026-05-28";"21";"85";"2026-05-28 17:42:40.838627";"2026-05-28 17:42:40.630742"
"893";"220074";"2";NULL;"2026-05-28";"21";"85";"2026-05-28 17:42:40.838627";"2026-05-28 17:42:40.630842"
"894";"900029765";"1";NULL;"2026-05-28";"21";"85";"2026-05-28 17:42:40.838627";"2026-05-28 17:42:40.630915"
"896";"670213729";"4";NULL;"2026-05-28";"21";"85";"2026-05-28 17:42:40.838627";"2026-05-28 17:42:40.631388"
"898";"138392";"9";NULL;"2026-05-28";"21";"85";"2026-05-28 17:42:40.838627";"2026-05-28 17:42:40.631554"
"899";"670137054";"0";NULL;"2026-05-28";"21";"85";"2026-05-28 17:42:40.838627";"2026-05-29 11:43:19.522218"
